p_val,avg_log2FC,pct.1,pct.2,p_val_adj,cluster,gene
0,2.1475565201877327,0.87,0.286,0,0,TCF7
0,2.5999526839229445,0.733,0.157,0,0,LEF1
0,1.528272904719654,0.871,0.303,0,0,IL7R
0,1.4086467782192384,0.935,0.428,0,0,LTB
0,2.41345780876648,0.57,0.12,0,0,MAL
0,2.4728860577096268,0.558,0.122,0,0,CCR7
0,1.7356098210089153,0.724,0.313,0,0,PIK3IP1
0,0.7743219713338387,0.911,0.505,0,0,CD3E
0,2.096313067800633,0.576,0.173,0,0,RCAN3
0,2.033403543131599,0.557,0.162,0,0,CAMK4
0,2.4572527900606786,0.525,0.13,0,0,PRKCQ-AS1
0,1.6866006487166292,0.701,0.321,0,0,NOSIP
0,1.7583005089624988,0.593,0.219,0,0,BCL11B
0,1.4239532578956515,0.909,0.55,0,0,LDHB
0,0.8394917150577519,0.714,0.358,0,0,CD3D
0,1.2274376625875114,0.724,0.384,0,0,SELL
0,1.2791488512944522,0.776,0.44,0,0,LEPROTL1
0,2.17970133674424,0.463,0.135,0,0,IL6ST
0,1.6205983853343384,0.533,0.207,0,0,ABLIM1
0,1.2441665500911983,0.767,0.444,0,0,PCED1B-AS1
0,2.517816946135094,0.385,0.08,0,0,TRABD2A
0,1.3252125303373226,0.86,0.555,0,0,GAS5
0,1.3817501870332929,0.539,0.248,0,0,FLT3LG
0,1.1289191293004934,0.552,0.263,0,0,CD6
0,1.6862479092877054,0.475,0.186,0,0,SATB1
0,3.4353510894802772,0.318,0.034,0,0,TSHZ2
0,1.4177199888756085,0.49,0.208,0,0,LINC00861
0,1.6201457176887164,0.422,0.14,0,0,CD27
0,0.8660155258975208,0.803,0.526,0,0,ETS1
0,1.1054230090680013,0.713,0.437,0,0,FOXP1
0,0.7949691001909017,0.568,0.292,0,0,CD3G
0,1.7943340044215108,0.397,0.126,0,0,INPP4B
0,1.1630282955675195,0.659,0.39,0,0,TMEM123
0,1.7467002765178652,0.415,0.15,0,0,GIMAP5
0,1.823801475603004,0.389,0.126,0,0,OXNAD1
0,1.287225578582643,0.61,0.349,0,0,NDFIP1
0,1.7596093474504761,0.414,0.158,0,0,MAML2
0,1.0231255161382296,0.828,0.572,0,0,C12orf57
0,1.6311814368831246,0.414,0.162,0,0,DGKA
0,0.9907050660170019,0.603,0.352,0,0,MGAT4A
0,0.895369080883998,0.552,0.306,0,0,FCMR
0,1.8457719996266377,0.354,0.116,0,0,TESPA1
0,0.9588584371360218,0.863,0.626,0,0,FYB1
0,1.0406473997560581,0.437,0.201,0,0,CD5
0,0.6431912639417905,0.592,0.366,0,0,LIME1
0,1.0638061630266342,0.456,0.232,0,0,ITK
0,1.9555588539373343,0.308,0.087,0,0,TRAT1
0,0.6337739136447924,0.771,0.55,0,0,DNAJB1
0,2.034176442140137,0.334,0.115,0,0,AL499604.1
0,1.8147920319282551,0.302,0.084,0,0,NELL2
0,0.9467940459125366,0.495,0.281,0,0,GIMAP7
0,0.7877086232390192,0.578,0.364,0,0,RGS10
0,1.2512887047910348,0.417,0.206,0,0,PIM2
0,1.3353846201548598,0.376,0.166,0,0,PDE3B
0,0.5071459632589652,0.599,0.391,0,0,LCK
0,0.9477237500242661,0.856,0.649,0,0,SNHG29
0,1.6575389764640023,0.319,0.113,0,0,LDLRAP1
0,1.7420426750836204,0.332,0.126,0,0,SESN3
0,1.3322704563833427,0.318,0.114,0,0,BACH2
0,1.1103565579399717,0.464,0.26,0,0,SNHG1
0,1.8622504941236662,0.304,0.1,0,0,SERINC5
0,1.360032901425606,0.319,0.119,0,0,AQP3
0,1.760889138013467,0.306,0.109,0,0,CHMP7
0,0.8663669348609468,0.777,0.583,0,0,EIF3E
0,0.5806490181272232,0.763,0.569,0,0,EVL
0,0.5545284554545922,0.889,0.695,0,0,TLE5
0,1.3890756819114838,0.352,0.159,0,0,ITPKB
0,0.42029713819975867,0.576,0.383,0,0,SPOCK2
0,0.9521307917107712,0.523,0.332,0,0,MCUB
0,1.9692979138379845,0.264,0.074,0,0,ITGA6
0,0.6961041024643838,0.508,0.319,0,0,RHOH
0,1.4789009366585915,0.34,0.153,0,0,RAPGEF6
0,1.3957566489135458,0.318,0.134,0,0,AC243960.1
0,1.0546491796864754,0.36,0.178,0,0,TC2N
0,0.592447107355876,0.5,0.319,0,0,LAT
0,1.1666949765202737,0.316,0.138,0,0,ACTN1
0,0.9215004526695972,0.483,0.305,0,0,SOCS3
0,1.6886977758072703,0.268,0.093,0,0,MLLT3
0,1.1493185187052997,0.3,0.126,0,0,TXK
0,1.8250886858354,0.259,0.086,0,0,PRKCA
0,1.6611342968752154,0.26,0.088,0,0,CD28
0,1.7365591725577245,0.258,0.086,0,0,MYC
0,0.8100714328217421,0.549,0.378,0,0,SNHG8
0,0.855997116806479,0.482,0.311,0,0,TMC8
0,0.7331842033068312,0.691,0.52,0,0,SNHG6
0,0.836410706544829,0.54,0.37,0,0,ZC3HAV1
0,1.5733133883385115,0.274,0.104,0,0,FAM102A
0,0.8806916979314077,0.479,0.31,0,0,PSIP1
0,0.8878999381590079,0.369,0.202,0,0,NCK2
0,1.6296924111149202,0.258,0.092,0,0,APBB1
0,0.8004856314511237,0.396,0.231,0,0,GPR183
0,0.6477292706246716,0.455,0.291,0,0,LBH
0,0.7237067519726449,0.581,0.417,0,0,SEPTIN6
0,1.1459639199345264,0.384,0.221,0,0,SNHG32
0,0.8928033632969242,0.402,0.241,0,0,HSPB1
0,1.557785550265981,0.262,0.103,0,0,ZNF10
0,1.186503796299388,0.326,0.167,0,0,BCL2
0,0.7955768495604912,0.549,0.391,0,0,SNHG5
0,0.9425565783564898,0.663,0.505,0,0,AL138963.4
0,1.5422131516319406,0.251,0.095,0,0,PCED1B
0,0.861639873058619,0.438,0.283,0,0,GCC2
0,0.8993686136977321,0.348,0.193,0,0,S1PR1
0,0.8983007608790609,0.411,0.256,0,0,TMEM243
0,1.0011444425150662,0.357,0.202,0,0,PDE7A
0,0.6725407638949374,0.703,0.549,0,0,SLC2A3
0,0.6817117101523653,0.633,0.481,0,0,RIPOR2
0,0.6708259590699954,0.473,0.323,0,0,SEPTIN1
0,0.6543736457729814,0.573,0.425,0,0,GYPC
0,0.7009411920572013,0.491,0.344,0,0,ATM
0,1.446449633670387,0.258,0.112,0,0,SGTB
0,1.4241051970755687,0.252,0.107,0,0,THEM4
0,0.6485438615386383,0.56,0.416,0,0,TRAF3IP3
0,0.9772704563146208,0.312,0.168,0,0,NUCB2
0,0.5936136617043373,0.624,0.481,0,0,SOD1
0,1.0069450472248342,0.964,0.823,0,0,SARAF
0,0.6539574934955137,0.497,0.356,0,0,RBL2
0,0.830598212068641,0.369,0.229,0,0,AAK1
0,0.7822765271898703,0.462,0.323,0,0,CYLD
0,1.0888019466193548,0.312,0.173,0,0,CCDC18-AS1
0,0.8343149227162119,0.383,0.245,0,0,TNFAIP8
0,0.3319803289191219,0.405,0.267,0,0,RGCC
0,1.0067506083177338,0.332,0.194,0,0,JAK3
0,0.6653338984513557,0.564,0.426,0,0,CDKN1B
0,0.8524426489325072,0.932,0.795,0,0,NPM1
0,0.6594688565915154,0.811,0.674,0,0,LINC01578
0,0.6248344818978455,0.544,0.409,0,0,ADD3
0,0.6529384961502096,0.466,0.331,0,0,EPB41
0,0.6050070133629888,0.637,0.502,0,0,IKZF1
0,1.1541417946135921,0.257,0.122,0,0,PLCG1
0,0.7327557835791274,0.845,0.71,0,0,NOP53
0,0.7920385577204242,0.466,0.332,0,0,TGFBR2
0,0.6236587705914652,0.364,0.23,0,0,ITM2A
0,0.6567095910955936,0.738,0.605,0,0,EIF4B
0,0.5352214309242972,0.497,0.364,0,0,ACAP1
0,0.7308448008554258,0.53,0.397,0,0,ST13
0,1.0426320333873793,0.299,0.166,0,0,AC119396.1
0,0.7177789612719223,0.408,0.275,0,0,PRDX2
0,0.7851610324974068,0.466,0.334,0,0,PTGER4
0,0.9309115611799634,0.325,0.194,0,0,FOXO1
0,1.0783905300356613,0.299,0.168,0,0,GIMAP1
0,1.1181530782325122,0.25,0.12,0,0,KCNA3
0,0.4544902483960007,0.395,0.267,0,0,CD2
0,0.8028488782765475,0.328,0.2,0,0,OCIAD2
0,0.9016330299317913,0.347,0.22,0,0,CHD3
0,0.6777120562266002,0.547,0.423,0,0,STAT3
0,0.5923038620124805,0.38,0.257,0,0,PBXIP1
0,0.664636473504653,0.338,0.217,0,0,CLEC2D
0,0.3113126341299468,0.801,0.68,0,0,TNFAIP3
0,0.625920095709644,0.44,0.32,0,0,MPHOSPH8
0,0.6611509890482162,0.495,0.375,0,0,RESF1
0,0.9791308369560227,0.285,0.165,0,0,CRTC3
0,0.6600677400347201,0.486,0.368,0,0,PPP1R2
0,0.8396239368939515,0.288,0.171,0,0,SOCS1
0,0.569661611532351,0.329,0.213,0,0,AREG
0,0.6408183764433232,0.522,0.406,0,0,NSA2
0,0.5857630856046341,0.818,0.702,0,0,SF1
0,0.876862772177226,0.301,0.185,0,0,BIRC3
0,0.63668717744795,0.533,0.418,0,0,RSL1D1
0,0.6456683854975349,0.422,0.308,0,0,SNHG7
0,0.6767149206143247,0.401,0.288,0,0,TTC3
0,0.7856245560620058,0.308,0.196,0,0,CD4
0,0.7434602680105442,0.315,0.204,0,0,CNST
0,0.9237906943014519,0.28,0.169,0,0,ILF3-DT
0,0.7824970284495439,0.32,0.21,0,0,PAG1
0,0.6373618051486711,0.899,0.789,0,0,TOMM7
0,0.7104262730957263,0.316,0.207,0,0,SPTBN1
0,0.8054504583316199,0.254,0.146,0,0,TRAC
0,0.4983523505824845,0.636,0.528,0,0,PNISR
0,0.6829005086023114,0.328,0.222,0,0,PIM1
0,0.5258863541602752,0.878,0.772,0,0,HINT1
0,0.5344655462591885,0.664,0.558,0,0,SMDT1
0,0.9597313494779088,0.263,0.158,0,0,GRAMD1A
0,0.4412063960575552,0.647,0.542,0,0,EIF4A2
0,0.688467424278898,0.945,0.841,0,0,RPL38
0,0.38509878805456954,0.718,0.618,0,0,SEPTIN9
0,0.5268140110793308,0.556,0.457,0,0,EIF2S3
0,0.5149189264667224,0.643,0.544,0,0,UXT
0,0.4751381270390109,0.697,0.599,0,0,EIF3L
0,0.3614322311891627,0.729,0.632,0,0,VAMP2
0,0.464528312879251,0.726,0.631,0,0,EIF3H
0,0.6760406302044197,0.957,0.862,0,0,RPS29
0,0.470643466369727,0.667,0.574,0,0,ANP32B
0,0.4675117433786433,0.78,0.687,0,0,MBNL1
0,0.27658448897095234,0.864,0.774,0,0,HSPA8
0,0.5317647904059828,0.925,0.836,0,0,RPS20
0,0.6249006761728957,0.967,0.878,0,0,RPL36A
0,0.45996587499462716,0.587,0.499,0,0,TOMM20
0,0.4542749766456575,0.766,0.681,0,0,COMMD6
0,0.4290839926995842,0.839,0.759,0,0,COX7C
0,0.2842776126256905,0.851,0.771,0,0,HSP90AB1
0,0.7842518866291801,0.964,0.885,0,0,EEF1G
0,0.3514202942947786,0.768,0.692,0,0,CD48
0,0.34098077178066877,0.836,0.761,0,0,RPL23
0,0.389148170457839,0.741,0.669,0,0,SNRPD2
0,0.27849169111557126,0.946,0.877,0,0,ZFP36L2
0,0.6281035408419702,0.545,0.477,0,0,RPS4Y1
0,0.9116500796609222,0.98,0.915,0,0,EEF1B2
0,0.7205241367456541,0.982,0.917,0,0,PABPC1
0,0.4416383107226669,0.963,0.907,0,0,TXNIP
0,0.5043681052264266,0.951,0.897,0,0,RPL31
0,0.37910816934029556,0.926,0.874,0,0,HNRNPA1
0,0.28340559657797115,0.893,0.841,0,0,FXYD5
0,0.5614805757250738,0.967,0.916,0,0,RPL7
0,0.852769306251838,0.989,0.943,0,0,RPL22
0,0.6831390291204218,0.984,0.943,0,0,RPL4
0,0.6164069278036388,0.993,0.955,0,0,RPL17
0,0.49935433674500107,0.978,0.94,0,0,EEF2
0,0.669785380982292,0.992,0.955,0,0,RPSA
0,0.7380043169163102,0.993,0.96,0,0,RPS21
0,0.2595016921927109,0.937,0.905,0,0,BTF3
0,0.3400627622218293,0.975,0.945,0,0,RPL37A
0,0.8486264023592103,0.993,0.965,0,0,RPS5
0,0.6691770452921562,0.99,0.963,0,0,RPL10A
0,0.7642130660149586,0.992,0.965,0,0,RPL36
0,0.325754754316379,0.965,0.94,0,0,RPL27
0,0.6003611402499205,0.979,0.954,0,0,JUNB
0,0.5178533290883882,0.993,0.969,0,0,RPLP0
0,0.40297051355048286,0.966,0.943,0,0,EEF1D
0,0.6127930186006543,0.99,0.968,0,0,RPL24
0,0.8510877800905492,0.994,0.973,0,0,RPL5
0,0.5677655002413742,0.997,0.976,0,0,RPL41
0,0.35729910264251874,0.983,0.963,0,0,RPL35
0,0.4546266298372146,0.987,0.969,0,0,RACK1
0,0.7718261560244857,0.994,0.978,0,0,RPL9
0,0.3986051644173365,0.991,0.975,0,0,RPL13A
0,0.5920352524504304,0.996,0.98,0,0,RPL3
0,0.796752067561175,0.996,0.982,0,0,RPS25
0,0.43819611695994265,0.988,0.975,0,0,NACA
0,0.3235853536662061,0.991,0.978,0,0,RPL23A
0,0.5061631105347013,0.993,0.98,0,0,RPS16
0,0.3679982668454338,0.99,0.977,0,0,RPS9
0,0.7406214782557647,0.996,0.985,0,0,RPS6
0,0.48660700188263384,0.995,0.984,0,0,RPL6
0,0.25632040776159837,0.985,0.974,0,0,UBA52
0,0.6486435259179668,0.996,0.986,0,0,RPL14
0,0.4185824574675232,0.994,0.984,0,0,RPL8
0,0.7465404250357093,0.995,0.986,0,0,RPL35A
0,0.7051566369363318,0.997,0.989,0,0,RPS27
0,0.6635388161490452,0.995,0.987,0,0,RPL37
0,0.7333178225251729,0.995,0.987,0,0,RPL39
0,0.4022930975575303,0.996,0.988,0,0,RPS2
0,0.8070190141863245,0.996,0.989,0,0,RPS3A
0,0.651862031298756,0.995,0.988,0,0,RPS4X
0,0.5420055560943862,0.995,0.988,0,0,RPL12
0,0.3953888762273925,0.995,0.988,0,0,RPL7A
0,0.8128762601446713,0.995,0.988,0,0,RPS13
0,0.6234320867177718,0.996,0.989,0,0,RPL18
0,0.4269571836715613,0.996,0.99,0,0,RPS7
0,0.26476390575362174,0.99,0.984,0,0,RPL15
0,0.5818427284429211,0.995,0.989,0,0,RPL29
0,0.5615658441482045,0.995,0.989,0,0,RPLP2
0,0.550591712040994,0.994,0.988,0,0,RPL21
0,0.7055588577355021,0.995,0.989,0,0,RPS28
0,0.7737493920860787,0.996,0.991,0,0,RPL34
0,0.5980839339296402,0.996,0.991,0,0,RPS18
0,0.6252924070978221,0.997,0.992,0,0,RPS3
0,0.5489334095373337,0.996,0.991,0,0,RPL18A
0,0.3342779251788688,0.997,0.992,0,0,RPS19
0,0.7496432099981956,0.997,0.993,0,0,RPL11
0,0.7353715331523771,0.997,0.993,0,0,RPS8
0,0.8888291993658974,0.997,0.993,0,0,RPL32
0,0.6780138949622136,0.996,0.992,0,0,RPS23
0,0.2686753082534228,0.995,0.991,0,0,RPL26
0,0.642288411056037,0.997,0.993,0,0,RPL19
0,0.5012728750149744,0.996,0.992,0,0,RPS15
0,0.6812174851653321,0.996,0.993,0,0,RPS14
0,0.8458344072180699,0.997,0.994,0,0,RPS12
0,0.8218531871062487,0.997,0.994,0,0,RPL30
0,0.29538559994005986,0.995,0.992,0,0,FAU
0,0.4515786810051656,1,0.997,0,0,MALAT1
0,0.44148835436403466,0.998,0.995,0,0,RPL28
0,0.5881725079372,0.999,0.997,0,0,EEF1A1
0,0.6760138633246928,0.998,0.996,0,0,TPT1
0,0.7162199193495864,0.996,0.994,0,0,RPS15A
0,0.7090068644295675,0.997,0.995,0,0,RPL13
0,0.7167166058292942,0.996,0.995,0,0,RPS27A
0,0.6173367656282958,0.998,0.997,0,0,RPL10
0,0.4791242216221896,0.997,0.997,0,0,RPLP1
2.34027e-318,0.6012741743378216,0.422,0.324,8.9454495334e-314,0,ATP1A1
5.609125794327e-312,0.47790046457091395,0.515,0.413,2.1440322436236595e-307,0,SBDS
2.003784827978015e-305,0.5723264421386579,0.396,0.296,7.659267126463164e-301,0,IL16
2.582811871348005e-305,0.34243295194715984,0.767,0.698,9.872540097040614e-301,0,RPS17
1.9017678132853034e-304,0.6848427689028928,0.322,0.227,7.269317289501743e-300,0,DOCK10
6.203735307621439e-302,0.3983490328492303,0.608,0.513,2.3713157839852188e-297,0,DDX24
2.272734320069856e-290,0.7068902343686609,0.313,0.222,8.687299665035017e-286,0,ERCC5
1.0083367818571655e-288,0.3218474754444478,0.773,0.711,3.854266514970829e-284,0,UQCRB
2.2889745868767087e-288,0.47647290151539934,0.465,0.363,8.749376460877531e-284,0,PEBP1
1.179901118513965e-286,0.7023587097059196,0.32,0.231,4.510054035407779e-282,0,PIK3CD
2.637474555022427e-286,0.6629497026800877,0.34,0.249,1.0081482739117725e-281,0,SNHG3
3.033979973397514e-280,0.27736304250331933,0.808,0.756,1.1597085050314657e-275,0,LIMD2
9.261197560723261e-276,0.791269872026662,0.25,0.167,3.5400001556108595e-271,0,ATXN7
4.860126514360381e-274,0.5080743696886995,0.465,0.375,1.857734758849112e-269,0,RBMX
9.821134209017568e-268,0.47575842987473077,0.407,0.306,3.754030340054875e-263,0,RASA3
7.020489641521146e-267,0.40783685503373346,0.588,0.504,2.683511960575043e-262,0,SMCHD1
1.5646197400420363e-264,0.5193975291648487,0.463,0.375,5.9806024943366795e-260,0,CHD2
2.160309961983506e-259,0.32811980590025547,0.692,0.614,8.257568798685753e-255,0,ZFAS1
1.1438574041273478e-255,0.5506492136133989,0.356,0.265,4.372280541536375e-251,0,SEMA4D
1.846964666844419e-254,0.5579614575914188,0.324,0.231,7.059837742546107e-250,0,PHF1
6.882058219080045e-254,0.6405588401895614,0.402,0.32,2.6305979336611564e-249,0,TPR
1.6135501579125665e-250,0.7063508865456332,0.292,0.211,6.167634123604994e-246,0,TAB2
2.9616636631674844e-249,0.582796935962722,0.301,0.212,1.1320663186091392e-244,0,RASA2
4.995164006440583e-249,0.6293667065151786,0.292,0.209,1.9093514898218486e-244,0,CCNG1
8.392824577037527e-249,0.6721542692468154,0.302,0.219,3.208073266326825e-244,0,PLSCR3
1.6779373419714765e-247,0.44785601741724856,0.407,0.308,6.413747695951772e-243,0,ARHGAP15
4.773724951818578e-246,0.5492726797631681,0.255,0.173,1.8247086255831336e-241,0,SNX9
4.7944627903148276e-244,0.49120265031690014,0.45,0.367,1.8326354569699397e-239,0,FBL
1.074716116311423e-242,0.6217420148880942,0.311,0.227,4.1079948829887834e-238,0,EPB41L4A-AS1
2.9315537515468717e-241,0.7273880458991638,0.251,0.175,1.1205571059912763e-236,0,IMPDH2
6.88611694974851e-241,0.6204234092678996,0.291,0.207,2.6321493428718707e-236,0,PHC3
5.410531942271486e-240,0.43201073525933453,0.437,0.343,2.0681217296138527e-235,0,TOB1
1.1451733670957091e-237,0.6954472668232168,0.293,0.213,4.377310678386638e-233,0,ARRDC2
3.3049684113158267e-237,0.5448124610335022,0.282,0.195,1.2632911255413617e-232,0,SLFN5
7.378391184298671e-235,0.6742110184252192,0.3,0.222,2.820316246286324e-230,0,STX16
2.2452565411718516e-234,0.4937476389654595,0.39,0.3,8.582268602975286e-230,0,MZT2A
8.025532515009908e-232,0.3873985159188559,0.36,0.265,3.067679548537387e-227,0,ZNF331
1.0930042772037328e-231,0.4229954460070983,0.418,0.324,4.1778995491835484e-227,0,TECR
1.7835267827577604e-229,0.4756580798168605,0.326,0.234,6.817352774413264e-225,0,CDC25B
5.357314634068078e-228,0.6912481668055689,0.269,0.193,2.0477799457261822e-223,0,NECAP2
4.011132964926093e-226,0.5995312410581891,0.272,0.191,1.5332154645133497e-221,0,TUT4
2.8139523949290104e-222,0.4229319002751747,0.532,0.46,1.075605163437665e-217,0,ARHGAP45
2.6480175493606645e-218,0.4406119055297961,0.314,0.222,1.0121782280676203e-213,0,CD96
3.620319378169668e-218,0.5888092578408579,0.339,0.259,1.3838308791115739e-213,0,TSPYL1
4.629714833632199e-213,0.4843285353804967,0.353,0.266,1.7696621980075717e-208,0,TSTD1
1.7311136033290825e-212,0.5800467173723721,0.302,0.224,6.617008637365085e-208,0,TTC39C
2.1880361385343564e-212,0.6270281003243346,0.265,0.189,8.363549335933724e-208,0,KLF9
3.424753340474402e-212,0.34800799576873365,0.469,0.377,1.3090777168629355e-207,0,PRMT2
8.746852240153735e-210,0.3285023109037173,0.613,0.539,3.3433968002763636e-205,0,CYTIP
3.442861635173816e-209,0.436928038145011,0.473,0.394,1.3159994314288393e-204,0,NSD3
1.522512045231129e-206,0.3312740273069785,0.622,0.558,5.819650041691468e-202,0,MZT2B
8.130557398505469e-205,0.5034226441648688,0.388,0.308,3.10782426000473e-200,0,TNRC6B
1.6574904915844905e-203,0.46137294856666233,0.42,0.343,6.335591655032556e-199,0,CMPK1
3.048589209875721e-197,0.4871168460726735,0.355,0.274,1.1652927395828955e-192,0,NAP1L4
7.762461325951287e-197,0.6701618217226798,0.258,0.188,2.96712321723162e-192,0,LSM5
1.3952903280036157e-196,0.3582349052142777,0.53,0.454,5.333357749761021e-192,0,CD55
9.077841271733099e-191,0.42361666959235733,0.344,0.26,3.4699140477072597e-186,0,BIN1
5.8438154960734025e-189,0.48849437568337206,0.337,0.258,2.2337400352190973e-184,0,NOP58
3.913674615998282e-188,0.3639392139373143,0.584,0.519,1.4959629852191833e-183,0,ATP5PO
1.0241464413000372e-186,0.27936990107108606,0.408,0.323,3.9146973572252624e-182,0,KIF2A
1.0422546345044822e-185,0.5808199018371303,0.277,0.205,3.9839141149299324e-181,0,ZRANB2
4.685572201793093e-182,0.43995528950930435,0.439,0.368,1.7910131184133918e-177,0,PHF3
1.8179446519410704e-181,0.2545298113109691,0.536,0.427,6.948911637579548e-177,0,TRBC2
3.5067398219067754e-180,0.3486341749675608,0.549,0.478,1.3404162295256458e-175,0,ANKRD12
6.391865044465802e-180,0.45679957273530303,0.367,0.291,2.443226494596608e-175,0,PACS1
8.172751178517662e-178,0.3952690807468009,0.519,0.457,3.123952410476591e-173,0,DDX17
1.7698466522791186e-169,0.47650570694530225,0.283,0.21,6.765061843671703e-165,0,SLC2A4RG
4.844327547805235e-167,0.35275571606819955,0.464,0.393,1.851695761873073e-162,0,RASGRP2
3.719572265247114e-166,0.3689172537376627,0.389,0.318,1.4217693026680568e-161,0,RPS10
4.1891877156562285e-166,0.5252609776359893,0.326,0.259,1.6012751124324367e-161,0,APEX1
8.68572898413934e-165,0.3744494141399768,0.49,0.425,3.320033046897421e-160,0,ANAPC16
2.355765928306846e-157,0.585318545344448,0.275,0.212,9.004679684360089e-153,0,PPA1
7.28713214905822e-157,0.4540417597879489,0.399,0.334,2.7854333926560142e-152,0,CHURC1
2.0282485265846456e-156,0.4886805647234969,0.326,0.258,7.75277716801715e-152,0,TSPAN14
1.0835093402796952e-155,0.42526859363023906,0.413,0.347,4.141606102285107e-151,0,N4BP2L2
2.8698485322196754e-154,0.4570575822826727,0.319,0.25,1.0969709029556487e-149,0,WHAMM
4.026786068092804e-152,0.4878044645213146,0.347,0.28,1.5391987066677936e-147,0,FAM177A1
2.734647148981145e-150,0.5280264140319506,0.274,0.209,1.045291526226553e-145,0,RNF216
3.783651137643602e-150,0.26563663049589836,0.604,0.541,1.4462628108528904e-145,0,CNN2
4.692111007416165e-149,0.4799975404470052,0.332,0.268,1.793512511474755e-144,0,TRIM28
1.036286062790934e-145,0.27243580228752245,0.343,0.266,3.961099846412066e-141,0,TSPYL2
4.482885001014497e-145,0.48124947159637654,0.325,0.261,1.7135379627877813e-140,0,LUC7L3
1.6806692967692827e-144,0.31098473046096325,0.388,0.306,6.424190319970906e-140,0,SLC38A1
2.519345735451334e-143,0.554380198331575,0.275,0.215,9.629947139189179e-139,0,RNF138
5.392640700106757e-143,0.444180461375443,0.285,0.222,2.0612829812088067e-138,0,TLK1
3.782107961120421e-139,0.4368542675142356,0.42,0.364,1.4456729470586697e-134,0,DDX39B
5.663159371519832e-139,0.3027995225611022,0.537,0.477,2.1646860381697407e-134,0,CYTH1
3.087347524531998e-138,0.44098097709058826,0.348,0.281,1.1801077177771108e-133,0,NSMCE3
5.517092856452422e-138,0.4236744545542917,0.342,0.277,2.1088535734503736e-133,0,ABHD14B
4.8350649031145926e-132,0.2850818369329602,0.508,0.44,1.848155208566522e-127,0,HMGN1
4.268879615167489e-131,0.3650491759412632,0.424,0.361,1.631736544101621e-126,0,KMT2A
3.7989738096589494e-130,0.5181628246724341,0.26,0.201,1.4521197490040368e-125,0,USP36
1.0214847772549871e-127,0.4875017581879417,0.294,0.236,3.904523412579463e-123,0,SNHG16
1.3506656742551186e-127,0.4696722738699686,0.291,0.232,5.1627844732727655e-123,0,MFNG
9.964135734225729e-125,0.4478244830568513,0.293,0.232,3.808691243050443e-120,0,ASXL1
2.8748058908129156e-123,0.419323271011292,0.407,0.355,1.0988658037043288e-118,0,YME1L1
2.172327928239031e-121,0.2543718247786537,0.478,0.405,8.303506272900872e-117,0,TBC1D10C
7.576681707820431e-120,0.3648525196916701,0.492,0.433,2.8961108159972816e-115,0,CITED2
9.174149427158479e-119,0.28960685086272187,0.536,0.484,3.506726877037057e-114,0,CUTA
1.405556149612836e-118,0.27868426708200233,0.395,0.321,5.3725978262801044e-114,0,P2RY8
2.4389920522881264e-109,0.4140237785118286,0.375,0.324,9.322803220666134e-105,0,ALKBH7
9.633727733748448e-107,0.3434050313080643,0.332,0.271,3.682396088948007e-102,0,GIMAP4
6.175413080368053e-103,0.3850914259027204,0.358,0.305,2.3604898958398845e-98,0,TAF1D
6.553290027711999e-103,0.36520918316788187,0.33,0.274,2.5049295801926343e-98,0,ESYT2
1.1525750468614803e-102,0.31890524653447166,0.342,0.289,4.4056028591233225e-98,0,R3HDM4
7.133995622014423e-101,0.45813355261489497,0.257,0.207,2.726898486558793e-96,0,UBAC2
7.389487679186821e-101,0.3664296281548679,0.26,0.205,2.8245577704923704e-96,0,HIST1H1D
1.820124287546134e-97,0.3818813247224416,0.363,0.315,6.957243076716342e-93,0,NOL7
1.108044903819672e-96,0.2978282860688677,0.483,0.436,4.235390840360314e-92,0,SRSF11
3.01307737279885e-96,0.27459835400138,0.364,0.305,1.1517186949786324e-91,0,HIST1H4C
6.967852338046461e-95,0.3165197893660718,0.4,0.348,2.663391877694879e-90,0,GLG1
1.5940435216809385e-94,0.48097065986165155,0.254,0.206,6.093071957273219e-90,0,PMPCB
2.7592184708339254e-94,0.3645202222236809,0.375,0.327,1.0546836682915596e-89,0,C1QBP
2.358990997569883e-92,0.3900079988003512,0.361,0.313,9.017007189111121e-88,0,NKTR
1.1580019688913763e-91,0.43400038043844086,0.285,0.236,4.4263467258903965e-87,0,RNF139
5.372689357067528e-87,0.2768903084821256,0.5,0.457,2.053656779845492e-82,0,NDUFS5
2.349240506442599e-84,0.3090271840375842,0.392,0.344,8.979736911826191e-80,0,FNBP4
3.792630955879546e-84,0.5128880116533759,0.253,0.209,1.4496952565753976e-79,0,HOOK2
3.9169504581678333e-84,0.4255062240570103,0.289,0.245,1.4972151431300725e-79,0,PABPC4
4.6494978064646144e-82,0.3892431573879491,0.345,0.302,1.7772240415430342e-77,0,SNRNP70
2.5000548779508197e-80,0.3625979342744886,0.309,0.261,9.556209765479214e-76,0,BCAS2
1.3036215970084077e-79,0.2898950244912088,0.274,0.222,4.982963192404938e-75,0,MLLT6
2.669674869823607e-77,0.31748963118997586,0.365,0.32,1.0204565222413755e-72,0,VPS51
2.4769893587313368e-76,0.33210271687998755,0.335,0.289,9.468044124814663e-72,0,GSPT1
3.41081685357169e-76,0.3886883919342522,0.278,0.235,1.3037506341092428e-71,0,HSPD1
3.548191476102581e-76,0.37125845595178364,0.304,0.259,1.3562607098254506e-71,0,TMPO
9.245232446837627e-76,0.3475041364967993,0.35,0.308,3.5338976504792146e-71,0,CCT4
6.24071550658897e-74,0.3423435565055437,0.346,0.303,2.385451095238568e-69,0,SEC62
3.3298167418234156e-71,0.39084097141686736,0.284,0.243,1.2727891513945823e-66,0,MALT1
3.954474581900799e-71,0.3010700557099253,0.348,0.303,1.5115583641857614e-66,0,URI1
1.0265891914941556e-70,0.32338873820430164,0.322,0.277,3.9240345255672605e-66,0,OGT
2.0289925229807338e-66,0.28105812235780736,0.261,0.215,7.755621019841557e-62,0,TBCC
6.300423191066204e-66,0.41658909677281625,0.264,0.226,2.4082737605531455e-61,0,MDM4
2.8605366547741694e-64,0.2616812323465537,0.445,0.41,1.0934115309208785e-59,0,RSL24D1
3.3961025895714096e-61,0.25811278616614675,0.402,0.364,1.2981262538377756e-56,0,HNRNPH3
9.661107292527489e-59,0.3442605907410826,0.272,0.235,3.6928616514957076e-54,0,HMGA1
1.1679229488084758e-57,0.34562780594150805,0.283,0.245,4.464268679525518e-53,0,FGD3
1.611068181735415e-57,0.3352276799895345,0.313,0.276,6.15814701786545e-53,0,ASH1L
2.740418494675672e-57,0.3457194789681309,0.294,0.258,1.047497565404829e-52,0,DCXR
4.144300376216698e-56,0.4013221725556101,0.25,0.215,1.5841173758050708e-51,0,DDX18
6.802691893770093e-55,0.31866425204692783,0.366,0.335,2.60026094947468e-50,0,MRPS21
5.437742489875153e-54,0.2922723856333551,0.289,0.25,2.0785226893298785e-49,0,CENPC
5.851361277006066e-54,0.31708939278237847,0.282,0.246,2.2366243345227987e-49,0,SNRPA1
9.371666869654412e-54,0.30802813396218715,0.273,0.235,3.582225944256703e-49,0,CRBN
2.0804403318015008e-53,0.2633466547948527,0.359,0.323,7.952275124278057e-49,0,SRSF10
4.616878285833927e-52,0.33891816640840366,0.305,0.273,1.7647555559771603e-47,0,EIF2A
1.1171274049646827e-51,0.29228181077267934,0.315,0.281,4.270107792737003e-47,0,OCIAD1
3.8431510944312915e-51,0.2682389008142189,0.344,0.307,1.4690060743354168e-46,0,TMC6
1.6134025277835404e-50,0.34056610944642507,0.267,0.233,6.167069822199805e-46,0,STT3B
3.0507608578479914e-49,0.3067833268925837,0.275,0.24,1.1661228303038162e-44,0,STK38
3.450765362869314e-49,0.26870404833137934,0.392,0.362,1.3190205523031665e-44,0,NDUFV2
7.26957455108247e-45,0.25758420514644864,0.353,0.322,2.7787221764057633e-40,0,U2SURP
2.3256437083804952e-42,0.32070909362425515,0.25,0.22,8.889540510913605e-38,0,UBA2
2.9320817969293716e-42,0.26424820277265304,0.302,0.269,1.120758946058283e-37,0,DEF6
2.306345898800423e-40,0.30021460254997967,0.308,0.281,8.815776563574737e-36,0,TMEM14B
1.1962234373480776e-34,0.2697276403034785,0.273,0.245,4.572444466919292e-30,0,HBP1
4.3465608817778665e-33,0.2527294679459776,0.331,0.307,1.6614294314507717e-28,0,CBX3
4.530024202572229e-32,0.27146962343985703,0.321,0.297,1.7315564511912087e-27,0,ABRACL
1.854978865204042e-31,0.28979142208902575,0.252,0.227,7.09047121435593e-27,0,CNOT7
1.8809357287857012e-27,0.260609157276566,0.282,0.261,7.189688729710464e-23,0,PCNP
4.6948871037562565e-27,0.2779782615308405,0.255,0.232,1.7945736465397914e-22,0,NUMA1
1.2856347177179082e-26,0.2514702761355352,0.252,0.228,4.914210145004932e-22,0,PPHLN1
2.331456904146463e-16,0.27107819297550423,0.271,0.26,8.91176087040944e-12,0,RBIS
3.927896094535825e-11,0.3398241824401689,0.818,0.855,1.5013990031753737e-6,0,RPS26
0,3.2092705376174315,0.905,0.14,0,1,GZMB
0,3.305870094885403,0.944,0.195,0,1,GNLY
0,3.352209942417654,0.912,0.175,0,1,PRF1
0,2.8137624385805546,0.997,0.285,0,1,NKG7
0,2.63573236412599,0.962,0.255,0,1,CST7
0,2.9829075202596025,0.825,0.133,0,1,FGFBP2
0,3.20832361440503,0.805,0.114,0,1,KLRD1
0,2.781615613532167,0.943,0.267,0,1,CTSW
0,2.5394303016150115,0.866,0.2,0,1,GZMA
0,2.3618118443612026,0.807,0.161,0,1,GZMH
0,2.4857191816533737,0.756,0.138,0,1,FCGR3A
0,2.1029636950153083,0.92,0.333,0,1,CCL5
0,0.527840290427783,0.916,0.331,0,1,TYROBP
0,2.9908157946063576,0.712,0.131,0,1,HOPX
0,4.138178059358301,0.587,0.039,0,1,KLRF1
0,2.4849316172775824,0.871,0.328,0,1,CD247
0,3.6848949719769055,0.639,0.097,0,1,SPON2
0,3.9476110698051956,0.587,0.059,0,1,CLIC3
0,2.4797246696260835,0.671,0.15,0,1,KLRK1
0,3.2758744446230574,0.601,0.081,0,1,S1PR5
0,3.3233209720778483,0.622,0.109,0,1,IL2RB
0,2.2759461533071206,0.663,0.156,0,1,KLRB1
0,1.9741811220896928,0.806,0.312,0,1,GZMM
0,2.74821100469682,0.594,0.111,0,1,TBX21
0,2.6072463983665912,0.605,0.128,0,1,MATK
0,2.906337410546991,0.544,0.081,0,1,ADGRG1
0,2.528402179514528,0.628,0.169,0,1,APMAP
0,2.9248400933716385,0.575,0.121,0,1,CCL4
0,4.573663929905514,0.463,0.029,0,1,KLRC2
0,1.9567540777922139,0.911,0.483,0,1,EFHD2
0,2.4933978188715056,0.573,0.148,0,1,CMC1
0,2.107059193707292,0.645,0.235,0,1,TRBC1
0,2.0133213721408625,0.807,0.397,0,1,CD7
0,3.0190164547722533,0.472,0.064,0,1,PRSS23
0,1.9595521536146954,0.639,0.244,0,1,SYNE1
0,3.2293440424129933,0.448,0.061,0,1,TTC38
0,4.777226864216165,0.396,0.018,0,1,SH2D1B
0,2.166785696240566,0.495,0.13,0,1,TGFBR3
0,2.749778879829284,0.434,0.069,0,1,FCRL6
0,2.924919738183517,0.404,0.045,0,1,TRDC
0,1.7717889002469078,0.554,0.196,0,1,RHOC
0,1.8669638586914807,0.772,0.417,0,1,ABHD17A
0,1.756360334356718,0.542,0.188,0,1,C12orf75
0,2.855320455854656,0.43,0.082,0,1,CEP78
0,2.2750404070088233,0.506,0.162,0,1,AOAH
0,1.3350134264052662,0.699,0.356,0,1,ZEB2
0,1.584869140961465,0.663,0.321,0,1,ZAP70
0,1.7162240235742066,0.592,0.256,0,1,BHLHE40
0,3.758273576943677,0.387,0.052,0,1,IGFBP7
0,1.6010112640415504,0.63,0.296,0,1,PRKCH
0,2.333358605127559,0.446,0.119,0,1,SH2D2A
0,1.9379105649405837,0.506,0.183,0,1,TPST2
0,1.6565954384659518,0.66,0.342,0,1,GNG2
0,1.548408546145428,0.857,0.54,0,1,LITAF
0,2.79001132844324,0.375,0.061,0,1,C1orf21
0,2.617055726658021,0.397,0.084,0,1,MCTP2
0,1.7878360238101823,0.547,0.237,0,1,RUNX3
0,2.1462540938648225,0.432,0.122,0,1,PYHIN1
0,1.4781577502694059,0.656,0.349,0,1,CD63
0,1.3724647096412494,0.63,0.331,0,1,SYNE2
0,1.3801290769026098,0.966,0.667,0,1,IFITM1
0,1.676676577156584,0.558,0.264,0,1,ARPC5L
0,2.228748377350734,0.408,0.114,0,1,CHST12
0,3.3056054252956977,0.33,0.038,0,1,PTGDR
0,2.6053186418255128,0.364,0.072,0,1,NCR3
0,1.3152774755770675,0.874,0.584,0,1,ARL4C
0,1.340343795862913,0.748,0.462,0,1,CD81
0,2.5684840897866623,0.373,0.089,0,1,CX3CR1
0,2.1239183646426065,0.428,0.148,0,1,GNPTAB
0,1.204620903619839,0.831,0.552,0,1,IL2RG
0,2.6317355991544056,0.364,0.086,0,1,GK5
0,1.811604436528309,0.506,0.229,0,1,IGF2R
0,1.167743441477522,0.69,0.413,0,1,CTSD
0,1.3891368887958513,0.713,0.436,0,1,PLAAT4
0,1.666509768352575,0.612,0.337,0,1,ARHGAP9
0,1.5695264184725009,0.554,0.283,0,1,MAPRE2
0,1.9183377976595959,0.395,0.125,0,1,SAMD3
0,2.1491445432394958,0.367,0.097,0,1,MYBL1
0,1.7833193425147924,0.436,0.169,0,1,TSEN54
0,2.166891727041209,0.363,0.099,0,1,AUTS2
0,1.7101757193867324,0.47,0.207,0,1,RASSF1
0,2.6296038753203907,0.337,0.074,0,1,SYNGR1
0,1.3307941784481145,0.572,0.309,0,1,CTSC
0,2.1485866285661737,0.383,0.121,0,1,TFDP2
0,1.5519903919907878,0.918,0.659,0,1,IFITM2
0,2.1310797136247355,0.4,0.142,0,1,HSH2D
0,0.857535793060308,0.611,0.355,0,1,PLEK
0,1.4354297382001389,0.543,0.289,0,1,ITGAL
0,1.8130255987148483,0.404,0.15,0,1,SYTL3
0,1.253360247850276,0.877,0.623,0,1,HCST
0,1.2060795806095848,0.776,0.527,0,1,SUN2
0,0.9060135063047945,0.668,0.422,0,1,ID2
0,1.3333593207437877,0.666,0.421,0,1,SLC9A3R1
0,4.029591904575708,0.261,0.017,0,1,NCR1
0,1.7756566899213004,0.425,0.181,0,1,C5orf56
0,1.4786055706440546,0.505,0.262,0,1,SPN
0,2.5612822164014633,0.298,0.059,0,1,LAIR2
0,3.7557235966307068,0.258,0.02,0,1,KIR3DL1
0,2.190568250785744,0.335,0.098,0,1,SLC15A4
0,2.6248944936143728,0.294,0.057,0,1,IFNG
0,1.329640592344357,0.925,0.693,0,1,ITGB2
0,1.8192619876694542,0.392,0.16,0,1,ADAM8
0,2.01558855699891,0.367,0.135,0,1,CD300A
0,1.4452933602263853,0.496,0.266,0,1,ACTN4
0,0.8791887363853115,0.639,0.41,0,1,TRBC2
0,1.2610476211303647,0.533,0.308,0,1,PLAC8
0,1.1376391829937496,0.69,0.465,0,1,FYN
0,1.0037520029721094,0.837,0.613,0,1,CD99
0,1.216026261975681,0.585,0.362,0,1,PAXX
0,1.1180524407118544,0.509,0.287,0,1,SKAP1
0,1.2911672248978017,0.569,0.347,0,1,MBP
0,1.6583248381218545,0.378,0.157,0,1,ATP2B4
0,1.8954023663248547,0.347,0.126,0,1,ABI3
0,1.155223756249438,0.713,0.493,0,1,SEPTIN7
0,1.5289742881930939,0.386,0.167,0,1,STAT4
0,1.2116908796958945,0.757,0.538,0,1,PDIA3
0,1.3747248130297482,0.469,0.252,0,1,PXN
0,2.7494033966812927,0.27,0.055,0,1,CD244
0,2.9531489227017937,0.267,0.052,0,1,AC092821.3
0,2.215735384733404,0.278,0.065,0,1,F2R
0,1.523428374794464,0.354,0.141,0,1,STOM
0,1.2565065786642915,0.495,0.283,0,1,DOK2
0,1.7558050130960985,0.334,0.123,0,1,TXK
0,1.2342342501991235,0.465,0.255,0,1,ALOX5AP
0,1.783751087210126,0.332,0.123,0,1,ITGAM
0,1.3201475253375525,0.434,0.225,0,1,METRNL
0,1.0619532816006259,0.6,0.391,0,1,PPP2R5C
0,1.4230986651198037,0.405,0.199,0,1,NFATC2
0,1.5489062344710613,0.364,0.158,0,1,PTPN4
0,2.1847645396092266,0.276,0.072,0,1,MXRA7
0,1.9109854676997369,0.323,0.12,0,1,LPCAT1
0,1.2996468126419458,0.459,0.256,0,1,ITGB7
0,1.4670819346889061,0.366,0.165,0,1,FKBP11
0,1.0572887608422872,0.702,0.501,0,1,HSPA5
0,1.7137464652927656,0.339,0.139,0,1,APOBEC3G
0,1.9913143408194678,0.293,0.093,0,1,SLA2
0,1.0407059081860721,0.678,0.479,0,1,BIN2
0,0.5610058328695575,0.92,0.724,0,1,SRGN
0,1.0256595068477896,0.619,0.423,0,1,ANXA6
0,1.7820993414707718,0.335,0.139,0,1,GTF3C1
0,1.354433983138466,0.427,0.232,0,1,SERTAD1
0,1.2174166765014773,0.476,0.282,0,1,CDK17
0,1.2145671826877569,0.497,0.304,0,1,DHRS7
0,2.2502668488990953,0.252,0.065,0,1,SLAMF7
0,0.9708518174580678,0.496,0.309,0,1,MYO1F
0,1.527011939087984,0.381,0.195,0,1,UBE2F
0,1.1428518920533501,0.531,0.346,0,1,BSG
0,0.9264281781237544,0.723,0.538,0,1,IRF1
0,1.023777215547105,0.82,0.636,0,1,FLNA
0,0.9948319503660636,0.873,0.691,0,1,TGFB1
0,1.2008915432186202,0.45,0.268,0,1,PITPNC1
0,1.2814610972143057,0.353,0.172,0,1,PRDM1
0,1.2129076477521668,0.457,0.276,0,1,PIP4K2A
0,1.752648893949746,0.302,0.123,0,1,PTPN12
0,1.0327051816470803,0.641,0.462,0,1,IQGAP1
0,1.1025393003508206,0.741,0.562,0,1,CALR
0,0.8733922751977921,0.75,0.572,0,1,RAP1B
0,2.019389763141049,0.252,0.074,0,1,ADRB2
0,1.5561778376086102,0.332,0.156,0,1,DIP2A
0,1.3707961190089146,0.387,0.213,0,1,CDK2AP2
0,1.4021039941898326,0.392,0.218,0,1,AC004687.1
0,1.1412379559161252,0.496,0.323,0,1,PPP1R18
0,1.4454188429008927,0.333,0.161,0,1,MRPL10
0,1.0765374210531926,0.496,0.324,0,1,DGKZ
0,1.3678739636655162,0.335,0.164,0,1,PDE4D
0,1.0569010863106019,0.55,0.381,0,1,AKNA
0,0.7028058698957881,0.424,0.255,0,1,FGR
0,0.8688599383889442,0.43,0.261,0,1,RORA
0,1.9717170080241055,0.254,0.085,0,1,PLAAT3
0,1.0839031728397013,0.504,0.336,0,1,UTRN
0,1.2175320945687715,0.437,0.269,0,1,SASH3
0,1.5297531066495922,0.307,0.141,0,1,SSBP3
0,1.4909473592261548,0.309,0.143,0,1,RAB29
0,1.0985699428726674,0.52,0.355,0,1,FAM49B
0,1.2433107255954823,0.394,0.229,0,1,DSTN
0,0.6722389471034789,0.565,0.4,0,1,LCK
0,1.229732665594096,0.352,0.188,0,1,ZBTB38
0,1.018555704849422,0.486,0.323,0,1,SYTL1
0,1.7844598674793515,0.266,0.104,0,1,VAV3
0,1.2628964972471568,0.398,0.236,0,1,MAP3K8
0,1.4420165140522512,0.332,0.171,0,1,G6PD
0,1.1480660544098151,0.806,0.646,0,1,JAK1
0,1.060341030558383,0.497,0.337,0,1,MACF1
0,1.0842344758925289,0.42,0.26,0,1,RASAL3
0,1.2189874183094667,0.405,0.246,0,1,SIPA1
0,1.0506620679321583,0.407,0.248,0,1,RNF125
0,0.9238515591676854,0.558,0.4,0,1,DBI
0,0.5189187872166956,0.861,0.703,0,1,TLE5
0,0.8548881146305286,0.504,0.348,0,1,STK17A
0,0.9138208734898754,0.536,0.38,0,1,CLEC2B
0,1.001329021621315,0.51,0.354,0,1,SELPLG
0,0.8778496182632657,0.549,0.393,0,1,ADGRE5
0,1.561006453535271,0.287,0.131,0,1,JAZF1
0,0.5896493075286493,0.76,0.605,0,1,CLIC1
0,1.101819951289924,0.369,0.214,0,1,CBLB
0,1.0651131034147787,0.43,0.275,0,1,IQGAP2
0,0.9072274734207244,0.456,0.305,0,1,PARP8
0,0.8625589852417477,0.674,0.523,0,1,PPP1CA
0,1.020894229547853,0.333,0.184,0,1,GBP5
0,0.9947912508818861,0.505,0.356,0,1,NDUFB7
0,1.2092842972742184,0.391,0.242,0,1,MAPK1
0,0.8816641043458011,0.598,0.449,0,1,PIK3R1
0,1.0393149464434819,0.479,0.33,0,1,OSTF1
0,1.5798799344746683,0.255,0.107,0,1,PTPN22
0,0.8799459808535754,0.756,0.608,0,1,MSN
0,1.1229537530456737,0.378,0.23,0,1,NFATC3
0,1.0652448078491217,0.414,0.266,0,1,FOSL2
0,0.9013141321954963,0.517,0.37,0,1,PRMT2
0,1.1859615554441003,0.36,0.213,0,1,VPS37B
0,0.8181002948967298,0.55,0.404,0,1,CYFIP2
0,0.8303792087053337,0.616,0.471,0,1,WIPF1
0,1.1835455972249864,0.333,0.189,0,1,BTN3A2
0,1.5427429860779955,0.275,0.131,0,1,HDDC2
0,1.3448793359131712,0.309,0.165,0,1,GPR65
0,0.614875238879669,0.667,0.524,0,1,DUSP2
0,1.590800457281543,0.286,0.143,0,1,HIPK2
0,0.32000410358679154,0.693,0.55,0,1,ETS1
0,0.6444614123118708,0.721,0.579,0,1,EVL
0,0.8346657860751967,0.537,0.396,0,1,MYO1G
0,1.4670699180518443,0.273,0.132,0,1,TSPAN32
0,0.9101849115762856,0.581,0.44,0,1,STK10
0,0.9761144036462056,0.409,0.268,0,1,PPP3CC
0,0.8923305208656067,0.321,0.181,0,1,LYAR
0,1.0238488395591798,0.448,0.308,0,1,RAB5IF
0,1.2422102124643595,0.31,0.17,0,1,ARAP2
0,1.1741508662236781,0.365,0.225,0,1,TRAPPC10
0,0.875423100718607,0.588,0.448,0,1,CD53
0,1.110980362727022,0.378,0.239,0,1,TMED9
0,0.9583286767180041,0.486,0.347,0,1,LAMP1
0,0.8842476106931536,0.609,0.47,0,1,RNF213
0,0.901822836717691,0.482,0.343,0,1,XBP1
0,1.1970945610716437,0.273,0.135,0,1,CXXC5
0,0.9503308142842659,0.886,0.748,0,1,UBB
0,0.897629461665595,0.582,0.444,0,1,BZW1
0,0.9148958998963445,0.357,0.22,0,1,OPTN
0,0.7584568018126934,0.669,0.533,0,1,CCND3
0,0.7890149110016292,0.533,0.397,0,1,TBC1D10C
0,0.7138902134352898,0.653,0.518,0,1,HSP90B1
0,0.7418683390380414,0.806,0.671,0,1,LCP1
0,0.9880025388514551,0.448,0.313,0,1,RNF166
0,1.3227707451920536,0.27,0.136,0,1,PTPN7
0,1.1511987762230376,0.304,0.172,0,1,PRKACB
0,0.8312145570740253,0.674,0.542,0,1,HLA-F
0,0.7991543736737973,0.53,0.399,0,1,YWHAQ
0,1.1607654784239962,0.329,0.199,0,1,RFTN1
0,1.003407503066584,0.865,0.735,0,1,RAC2
0,1.2736985715950817,0.306,0.177,0,1,RPS6KA1
0,0.9374067812238982,0.946,0.817,0,1,CYBA
0,0.9019500231189053,0.479,0.351,0,1,DDOST
0,1.3550370972447676,0.264,0.136,0,1,APOL6
0,1.0225779847303738,0.367,0.241,0,1,SRPK2
0,0.7392854875656867,0.776,0.65,0,1,PPIB
0,1.1135729515094264,0.308,0.183,0,1,ARHGEF3
0,1.2729383394290161,0.253,0.128,0,1,ATP8A1
0,0.9501274908031336,0.411,0.286,0,1,PPP1R12A
0,0.9546377775563835,0.312,0.187,0,1,IKZF3
0,1.1177791968600117,0.335,0.211,0,1,ZBTB1
0,1.0337889835104581,0.395,0.271,0,1,SDF4
0,0.9393534522523848,0.387,0.263,0,1,CASP8
0,0.6055507615000213,0.605,0.481,0,1,DDIT4
0,1.1277002294602587,0.28,0.159,0,1,DENND2D
0,1.2998305949173912,0.267,0.146,0,1,CISD3
0,0.8775134553906703,0.456,0.336,0,1,ADD1
0,0.7564853316371967,0.652,0.532,0,1,ARF6
0,1.104347854416318,0.318,0.198,0,1,PTPRA
0,0.7715572907662631,0.576,0.456,0,1,HIST1H1E
0,0.8041996925410477,0.537,0.418,0,1,P4HB
0,0.9527561480711643,0.311,0.192,0,1,ARHGAP25
0,0.7943423983036788,0.897,0.778,0,1,ARPC2
0,1.0796430856718384,0.302,0.183,0,1,TMEM109
0,0.8503480464065304,0.44,0.321,0,1,CCDC88C
0,0.8499600214437895,0.439,0.321,0,1,SORL1
0,1.106823879521595,0.305,0.187,0,1,DNAJC1
0,0.8486781564252212,0.453,0.335,0,1,SSBP4
0,0.967873434118639,0.386,0.27,0,1,INPP5D
0,0.5944251245701553,0.717,0.601,0,1,IL32
0,1.306430083623547,0.26,0.145,0,1,ACAA2
0,0.8605547643293925,0.439,0.325,0,1,DIAPH1
0,0.7397341116875805,0.509,0.396,0,1,ARL6IP1
0,0.6302623443818012,0.568,0.455,0,1,RBM38
0,0.8952566637168626,0.461,0.349,0,1,CD164
0,1.1032366939260831,0.269,0.157,0,1,PTGER2
0,0.8846349555080998,0.379,0.267,0,1,TAP1
0,0.8077076641051862,0.418,0.306,0,1,RASA3
0,1.1439841588087514,0.282,0.17,0,1,DERL1
0,0.965052301498813,0.366,0.255,0,1,SCP2
0,0.9598732364752021,0.385,0.274,0,1,CTBP1
0,0.8058891904878236,0.447,0.336,0,1,SIGIRR
0,0.9157351158957098,0.324,0.214,0,1,MLLT6
0,0.827647993387645,0.465,0.356,0,1,CFLAR
0,0.9696301903859889,0.335,0.227,0,1,IDH2
0,0.8797859457610357,0.414,0.306,0,1,LMAN2
0,0.7013737762293393,0.613,0.505,0,1,BRD2
0,0.5228617673813625,0.6,0.492,0,1,TLN1
0,0.7652657267673872,0.543,0.436,0,1,PSMB10
0,0.8819482599208208,0.377,0.27,0,1,LNPEP
0,0.4663985120160401,0.647,0.54,0,1,TPI1
0,0.7662034689217643,0.535,0.429,0,1,NDUFB2
0,0.9227173967503178,0.374,0.268,0,1,LRP10
0,1.143049595185915,0.25,0.145,0,1,ZNF276
0,0.6577571490480332,0.628,0.524,0,1,PSMB9
0,1.2206288033481372,0.255,0.152,0,1,SDF2L1
0,0.8892306873032683,0.367,0.264,0,1,ARIH2
0,0.6405617934855408,0.618,0.515,0,1,CAST
0,0.7527739682731561,0.541,0.439,0,1,ARPC4
0,0.8498483088933502,0.394,0.293,0,1,DNAJB6
0,0.821005718168032,0.406,0.306,0,1,HMGN3
0,0.8958645587519577,0.306,0.206,0,1,RNF19A
0,0.8973536557481347,0.344,0.244,0,1,TAP2
0,0.7209057757932459,0.53,0.431,0,1,RALY
0,1.0502684909815108,0.285,0.186,0,1,HELZ
0,0.30800116300501124,0.795,0.697,0,1,AHNAK
0,1.0630447149294953,0.277,0.179,0,1,VPS26B
0,0.7820625259117362,0.375,0.277,0,1,RHOF
0,0.9086720477115997,0.332,0.235,0,1,PDIA6
0,0.8789669697712718,0.342,0.246,0,1,UHMK1
0,0.6880829440224749,0.516,0.421,0,1,WDR1
0,0.6300486134794567,0.558,0.463,0,1,DDX6
0,0.7506685419286486,0.427,0.332,0,1,TBCB
0,0.8549730230754022,0.357,0.263,0,1,CTDSP1
0,0.887961969281396,0.341,0.248,0,1,POLR2G
0,0.8175353191288606,0.355,0.262,0,1,RAB1B
0,0.5885559045869644,0.669,0.577,0,1,GUK1
0,1.0411513936435315,0.273,0.181,0,1,LASP1
0,0.5119255193630674,0.869,0.778,0,1,LSP1
0,1.0157885527150141,0.262,0.172,0,1,PIGT
0,0.6331171046046944,0.594,0.504,0,1,RSRP1
0,0.7879672789660314,0.345,0.255,0,1,IDI1
0,0.9468502560820786,0.263,0.174,0,1,HMOX2
0,0.8976907771696137,0.314,0.225,0,1,TES
0,0.6985372221830096,0.536,0.448,0,1,CDC42SE1
0,0.7796090741692361,0.381,0.293,0,1,SELENOT
0,0.7338465353524778,0.442,0.354,0,1,PKN1
0,0.8372087576667427,0.348,0.261,0,1,FBXW5
0,0.7232997198372568,0.47,0.383,0,1,PRDX5
0,0.9436742069780102,0.282,0.195,0,1,SHFL
0,0.6966425359309509,0.562,0.476,0,1,TCF25
0,0.8447655968264072,0.336,0.25,0,1,DDX39A
0,0.9359310583564807,0.298,0.212,0,1,COMMD7
0,0.6996058607442075,0.429,0.344,0,1,SHISA5
0,0.5713964463854643,0.492,0.407,0,1,CDKN2D
0,0.7281894836537977,0.453,0.369,0,1,RASSF5
0,0.5136379046104107,0.72,0.636,0,1,VAMP2
0,0.5711530263972475,0.626,0.542,0,1,STK4
0,0.6072559555473027,0.627,0.544,0,1,SRSF2
0,0.7678554760193746,0.396,0.314,0,1,NDUFV1
0,0.8359011538555872,0.966,0.884,0,1,CALM1
0,0.7716745073443874,0.929,0.85,0,1,PTPRC
0,0.6838359666195652,0.442,0.364,0,1,VCP
0,0.574383634632412,0.635,0.558,0,1,YPEL3
0,0.5981347773293364,0.604,0.528,0,1,TAPBP
0,0.5602898633693396,0.57,0.494,0,1,FMNL1
0,0.5385621442826827,0.605,0.53,0,1,CAP1
0,0.6306815823391698,0.743,0.669,0,1,RBM39
0,0.35448838596841625,0.93,0.86,0,1,ZFP36
0,0.5382897252320054,0.79,0.721,0,1,PSME1
0,0.516439214009631,0.795,0.727,0,1,MYL12B
0,0.6192451776319097,0.514,0.446,0,1,RBM8A
0,0.49631065572349864,0.586,0.519,0,1,IDS
0,0.5116242689670825,0.754,0.69,0,1,NCL
0,0.6187776431525585,0.904,0.841,0,1,MYL12A
0,0.5030523899006825,0.678,0.615,0,1,MT-ND6
0,0.4870126143533611,0.611,0.55,0,1,ARL6IP5
0,0.4204204357216401,0.842,0.782,0,1,TPM3
0,0.45846035421354436,0.664,0.605,0,1,ARF1
0,0.2590262546940476,0.818,0.759,0,1,IER2
0,0.4942418315269155,0.63,0.573,0,1,UCP2
0,0.5330083515277106,0.569,0.512,0,1,SF3B2
0,0.3125004511019731,0.917,0.864,0,1,MYL6
0,0.4126406318319984,0.838,0.785,0,1,HSP90AA1
0,0.49342560991613693,0.879,0.83,0,1,YWHAZ
0,0.263105622548796,0.962,0.925,0,1,SH3BGRL3
0,0.6766248989879622,0.971,0.934,0,1,CFL1
0,0.4095105786514268,0.831,0.795,0,1,HMGB1
0,0.3052505889125694,0.957,0.925,0,1,KLF2
0,0.41583998782278053,0.851,0.824,0,1,HNRNPA2B1
0,0.6878182394243866,0.983,0.957,0,1,HLA-E
0,0.8598011168672404,0.992,0.97,0,1,PFN1
0,0.44169904128024573,0.937,0.916,0,1,ACTG1
0,0.3348133594053504,0.962,0.945,0,1,DDX5
0,0.26009125533076993,0.947,0.93,0,1,MT-ND5
0,0.26255412405450995,0.915,0.903,0,1,ARHGDIB
0,0.9008746781063302,0.999,0.99,0,1,HLA-A
0,0.9863884274640977,0.999,0.991,0,1,HLA-C
0,0.26569938841449403,0.942,0.935,0,1,PPIA
0,0.2703612129963062,0.983,0.979,0,1,H3F3B
0,0.34799743897917423,1,0.997,0,1,MALAT1
0,0.7115285617060518,0.997,0.995,0,1,HLA-B
0,0.4305409994766993,0.998,0.997,0,1,ACTB
0,0.6848281281331694,0.999,1,0,1,B2M
0,0.41390895603571654,0.999,0.999,0,1,MT-CO1
1e-323,0.8429925937725498,0.329,0.242,3.77703e-319,1,RNF167
3e-323,0.8164248718836068,0.349,0.263,1.13311e-318,1,B4GALT1
5e-323,0.6157142896622845,0.481,0.406,1.888517e-318,1,SELENOW
8e-323,0.8409508674063763,0.319,0.232,3.021626e-318,1,POLR3GL
2.96e-322,0.7203510693187115,0.402,0.317,1.13311e-317,1,BST2
2.826e-321,0.49642970786686635,0.55,0.473,1.08023145e-316,1,DRAP1
2.875e-321,0.4443047037895813,0.655,0.607,1.0991166e-316,1,ARHGEF1
8.208393089e-314,0.3744325412244689,0.714,0.662,3.13757617425295e-309,1,PTP4A2
2.2890422886499835e-308,0.816570391990971,0.323,0.238,8.749635244135697e-304,1,CDK13
9.059305200324343e-308,0.8261821224095782,0.332,0.25,3.462828819771977e-303,1,PPP6R1
5.740481570472572e-306,0.7782523131660246,0.287,0.195,2.194241675497436e-301,1,SLFN5
4.3042173621504493e-302,0.6567552875919118,0.433,0.357,1.6452440445083878e-297,1,CAPN2
4.298999225754117e-300,0.7495739420539961,0.352,0.266,1.643249464052254e-295,1,RABGAP1L
3.1413341986206054e-299,0.5043514548866959,0.647,0.623,1.2007435840807403e-294,1,EIF3G
6.811786620722405e-299,0.8679733515090484,0.307,0.225,2.603737317904932e-294,1,CBX4
1.2201362184766352e-298,0.6911385000153318,0.414,0.336,4.6638486815050906e-294,1,ZBTB7A
1.278554332962493e-296,0.9297189523496666,0.257,0.177,4.887146082315833e-292,1,GPAA1
2.0036285915309564e-292,0.681829027545074,0.363,0.276,7.658669928267928e-288,1,TMX4
6.228746401667319e-289,0.6027824188780493,0.371,0.288,2.380876024573316e-284,1,PTPN18
4.47116939684532e-288,0.6240714387713031,0.424,0.339,1.709059790250155e-283,1,MIDN
1.1984162604617548e-287,0.74108256596696,0.365,0.287,4.580826313989012e-283,1,SPSB3
1.9529374088550305e-287,0.41898012197608425,0.612,0.537,7.464907951607468e-283,1,GADD45B
5.366151783123121e-285,0.7332909034476013,0.37,0.292,2.0511578575809816e-280,1,ZNF800
7.190572551293744e-283,0.6770815632326461,0.413,0.343,2.7485244520065208e-278,1,RNPEPL1
4.3867709985578985e-279,0.5841407213622712,0.472,0.403,1.676799346488771e-274,1,CD47
8.112122742056778e-277,0.6923085989599028,0.397,0.326,3.1007777969237826e-272,1,GPS2
1.5810270498128292e-276,0.5536109646966918,0.524,0.464,6.043317795204559e-272,1,AKAP13
7.89055587250917e-275,0.2508221597440663,0.611,0.477,3.0160860767079053e-270,1,PCED1B-AS1
4.734377100894314e-274,0.6372637998915416,0.457,0.393,1.8096683030458428e-269,1,ARHGAP30
9.39038465561146e-274,0.49298643060690095,0.586,0.542,3.5893806307609246e-269,1,HNRNPL
1.7004308751055413e-272,0.6816524824095138,0.387,0.307,6.499726977003421e-268,1,RIN3
1.5366566936977705e-271,0.8413011632064368,0.29,0.212,5.8737165459903585e-267,1,DCAF5
2.452711491310601e-270,0.8873241457598319,0.276,0.2,9.37524440438564e-266,1,TADA3
2.6057843477070476e-269,0.7670364608652764,0.304,0.225,9.960350090675418e-265,1,ZNF428
1.1108662971068811e-268,0.7737722840409437,0.304,0.223,4.246175334061343e-264,1,GLIPR2
1.255143932540723e-268,0.8495672159214493,0.257,0.179,4.79766216774366e-264,1,PTPRJ
1.4384907020779868e-266,0.2633705056888651,0.827,0.782,5.498486859622897e-262,1,HSPA8
2.7159487121331094e-265,0.8507143166050409,0.304,0.229,1.0381442357257597e-260,1,CSNK1D
3.40869219415927e-265,0.5425278759204087,0.525,0.47,1.3029385042954394e-260,1,CELF2
1.8045902378859242e-264,0.9218691561925135,0.251,0.176,6.897865725295157e-260,1,NT5C
2.943582552266571e-264,0.8401730170856697,0.268,0.191,1.1251549947783742e-259,1,UBE2E3
5.183052309693079e-260,0.911911443506801,0.252,0.178,1.9811699148570825e-255,1,TMEM9B
7.499718438942863e-260,0.7904338822405188,0.333,0.261,2.86669237610152e-255,1,BANF1
4.9204124162923864e-259,0.5445358753350272,0.489,0.43,1.880778442003602e-254,1,TMEM59
1.1151008841011356e-255,0.6773859204642627,0.379,0.309,4.262361619388181e-251,1,TSC22D4
2.9815210771272247e-254,0.8201691047830149,0.293,0.216,1.1396566165211104e-249,1,KAT6B
1.6748008386641404e-252,0.7325710258475443,0.394,0.326,6.40175872570981e-248,1,PREX1
2.322297575640072e-251,0.5090176049041565,0.512,0.45,8.876750253126612e-247,1,CAPNS1
1.0258132915646697e-250,0.4487774513633598,0.568,0.519,3.9210687256767934e-246,1,C9orf16
5.5843025120319e-249,0.7981488606123901,0.293,0.22,2.1345437921990737e-244,1,MIEN1
2.5870137679833687e-248,0.4092948542828698,0.622,0.574,9.888601426739629e-244,1,LY6E
5.054366489080572e-248,0.9018917187790463,0.255,0.184,1.9319810467861578e-243,1,AKT1
3.802459462387413e-247,0.32061812834315084,0.763,0.744,1.4534521049029647e-242,1,CDC42
1.2067134851276236e-245,0.5705893280565523,0.434,0.357,4.6125416255518284e-241,1,ATM
7.907900776709356e-244,0.7299951415957041,0.289,0.21,3.022715992889384e-239,1,TBCC
2.4739925426649665e-243,0.7411042970766634,0.293,0.215,9.456589095082567e-239,1,RASA2
2.9885488895953606e-243,0.531476779837996,0.481,0.421,1.1423429275589307e-238,1,RABAC1
4.174652751485051e-241,0.2938342217636212,0.805,0.787,1.5957192677276457e-236,1,CIRBP
9.291572183912642e-241,0.6592455607999709,0.343,0.268,3.551610551578768e-236,1,BUB3
2.5936126246017997e-238,0.6729244790127833,0.337,0.262,9.913824896277919e-234,1,SLC44A2
8.463153282254206e-238,0.5752522024324901,0.445,0.387,3.2349557106088476e-233,1,CCDC85B
6.600388684895022e-237,0.29298801003477726,0.78,0.77,2.522932570914273e-232,1,SRP14
7.12344487873936e-237,0.8508907443056765,0.275,0.204,2.722865570449333e-232,1,HEXA
2.793155230111053e-236,0.2686415462813687,0.744,0.696,1.0676556551576489e-231,1,SRSF7
5.065929069108259e-236,0.6058327717620462,0.431,0.375,1.9364007273759408e-231,1,MAP2K2
5.695527729080864e-236,0.7388824433516856,0.326,0.257,2.1770585191638694e-231,1,RPS19BP1
2.401644991170491e-235,0.5083192273922836,0.494,0.439,9.180047814250085e-231,1,TRAPPC1
1.0161175444063707e-232,0.4766653573459789,0.55,0.501,3.8840077017389115e-228,1,KMT2E
1.391561746528588e-232,0.8044915803783965,0.302,0.232,5.319105619930874e-228,1,BRD7
2.341140432226281e-232,0.6135352635221258,0.307,0.224,8.948775188141736e-228,1,CD96
3.759662572226234e-232,0.4536144770959394,0.581,0.544,1.4370934216077556e-227,1,TMBIM6
1.2445022673946478e-230,0.8597778750837972,0.257,0.188,4.7569854668893016e-226,1,MCRIP1
6.5896435161665785e-230,0.7997402297297985,0.286,0.217,2.518825337619513e-225,1,RAB6A
2.0015557407370316e-227,0.5584180473150482,0.487,0.438,7.65074666339323e-223,1,ACTR3
2.434975387515009e-226,0.6518786279818,0.391,0.328,9.30744992123737e-222,1,DYNC1H1
3.7655305350739e-226,0.29111438341351015,0.832,0.834,1.4393363917266476e-221,1,CORO1A
3.216325918589509e-225,0.7926896655707137,0.276,0.206,1.229408419121654e-220,1,MFSD10
4.521072685143351e-225,0.66291049849762,0.394,0.33,1.7281348231691944e-220,1,TECR
7.373730423820477e-224,0.7490311035364858,0.291,0.219,2.818534717201139e-219,1,PCSK7
7.985099167135136e-224,0.6749734637337856,0.343,0.271,3.0522243056457345e-219,1,SNRK
2.5878597804856018e-222,0.42338847692072545,0.59,0.554,9.891835224928165e-218,1,ARGLU1
6.273870468979707e-222,0.49106283889526203,0.516,0.469,2.398124248062803e-217,1,PSMB8
1.0645077738813706e-221,0.7218753308896888,0.332,0.267,4.068974514884151e-217,1,CCDC12
2.1062836569083513e-221,0.6064120544170559,0.408,0.346,8.051058650166482e-217,1,POMP
8.592395094269122e-220,0.517540873980693,0.47,0.412,3.284357100833429e-215,1,TERF2IP
5.1051550177549826e-219,0.43336286047002637,0.58,0.543,1.9513944539866644e-214,1,HNRNPA3
2.6531964175244334e-218,0.6229098482494595,0.382,0.317,1.0141577986345394e-213,1,RPN2
3.36347289701223e-218,0.684348841352837,0.343,0.274,1.2856538801539548e-213,1,PRPF4B
7.371893383832788e-218,0.7941052227119287,0.281,0.214,2.817832527036245e-213,1,MXD4
2.078678115029032e-216,0.7982087429735457,0.287,0.22,7.945539226886973e-212,1,ADAM10
7.015567765547124e-216,0.6942893066085646,0.336,0.268,2.6816306227027326e-211,1,SPCS2
1.4033408349725584e-215,0.5361492342907201,0.465,0.414,5.364130007599108e-211,1,SNRPB
1.0601172987268079e-210,0.8091729887896811,0.265,0.198,4.0521923626533507e-206,1,PRKX
6.712934239251634e-209,0.6993646760471823,0.338,0.274,2.565951983611545e-204,1,ESYT2
9.546172169170519e-208,0.6411034232156825,0.36,0.294,3.648928849943739e-203,1,PRPF38B
2.4658603871483442e-207,0.5412611523702717,0.429,0.368,9.425504743835831e-203,1,MAP1LC3B
4.761070703751791e-207,0.6636175645172987,0.37,0.313,1.8198716658020846e-202,1,DNM2
2.621677094451584e-206,0.6670363289088928,0.36,0.3,1.0021098525831734e-201,1,TMED2
2.6760307707865286e-206,0.38500557317141837,0.553,0.503,1.0228860018254426e-201,1,LDHA
3.1476251713144358e-204,0.5413093376872444,0.48,0.426,1.2031482454832299e-199,1,CCNH
3.545769202023747e-203,0.3942416836578311,0.528,0.46,1.355334819781557e-198,1,ITGA4
1.510754877642345e-200,0.5675576053833111,0.423,0.372,5.774709444300099e-196,1,RNPS1
4.99038626012509e-200,0.6024069745533055,0.362,0.297,1.9075252440702143e-195,1,TAF7
5.843363719508543e-200,0.5809693911331845,0.406,0.349,2.2335673481449454e-195,1,NDUFC2
7.885942055866667e-198,0.5518243498922711,0.44,0.389,3.014322491434475e-193,1,SH3KBP1
3.888774971632071e-197,0.6050069175345588,0.375,0.315,1.4864453451566429e-192,1,RNF126
4.037108492760172e-195,0.7992176690077287,0.25,0.186,1.5431443502726482e-190,1,MOB4
5.044202699570862e-195,0.382040260426151,0.623,0.602,1.9280960398839663e-190,1,SET
6.142984404882354e-194,0.3569754505637013,0.679,0.637,2.348094358922231e-189,1,NR4A2
2.22147777555296e-193,0.2563655556086135,0.784,0.767,8.491376649273634e-189,1,CHCHD2
6.723087823980834e-191,0.32307739691612714,0.67,0.646,2.5698330898384337e-186,1,SUB1
1.4642009977384769e-189,0.7444778340575828,0.282,0.222,5.596761893755554e-185,1,SF3B4
1.8718255261811297e-189,0.697094039222009,0.291,0.228,7.15486589127475e-185,1,GOLGA7
1.702969207383482e-188,0.3901499982319985,0.586,0.552,6.509429498302622e-184,1,ARHGDIA
1.952901305476828e-188,0.6324671129328804,0.347,0.284,7.464769950054627e-184,1,GLS
4.83255015956345e-188,0.6463577838009316,0.347,0.291,1.847193972991533e-183,1,FBXO7
3.6058817460724536e-186,0.5186849129261446,0.427,0.376,1.3783122386187346e-181,1,BCAP31
1.1672580060741653e-185,0.5624744189903126,0.403,0.348,4.4617270024178893e-181,1,GLG1
1.525960161541234e-184,0.7093050148771275,0.279,0.216,5.832830121475213e-180,1,PSTPIP1
7.681630498740418e-183,0.3768705360537348,0.552,0.503,2.9362264418385375e-178,1,PSME2
1.5950212684758472e-182,0.6848502638027665,0.299,0.238,6.096809296622078e-178,1,MEAF6
1.4158053655796547e-181,0.510495648499814,0.379,0.309,5.411774429391672e-177,1,SLC38A1
5.110974207059272e-180,0.43632239585243626,0.507,0.457,1.953618780906336e-175,1,LCP2
1.3591857972980383e-178,0.5919909730681235,0.368,0.31,5.195351791592021e-174,1,SMARCA2
7.544380056639632e-178,0.6654922029212441,0.323,0.267,2.883763832849933e-173,1,BUD31
1.5488654544669129e-177,0.45801609089464324,0.465,0.411,5.920383313154328e-173,1,TUBB4B
2.1251006007174623e-174,0.7245810952955463,0.267,0.208,8.122984536182428e-170,1,RBBP7
2.2777594944517584e-172,0.7791862969603589,0.256,0.199,8.706507891592401e-168,1,NCBP2AS2
1.5026797963166147e-171,0.7597418825006255,0.25,0.191,5.743843253440628e-167,1,PIK3R5
3.295846983687149e-171,0.6585982702711974,0.321,0.267,1.259804551044576e-166,1,BCL7C
5.537689392936316e-171,0.5893251931380197,0.374,0.318,2.1167263935559776e-166,1,BPTF
1.2784868924901924e-169,0.29249884389268255,0.669,0.654,4.886888297854512e-165,1,SSR4
5.454174227366957e-168,0.5938391166407343,0.35,0.297,2.0848035566687457e-163,1,DCTN3
1.237058389045587e-167,0.610665918663077,0.361,0.309,4.728531986287852e-163,1,RBBP4
1.1050785801073104e-166,0.7249343039374782,0.279,0.223,4.2240523646021836e-162,1,KCNAB2
1.0222929777611319e-165,0.6872902112047566,0.283,0.225,3.907612678194151e-161,1,MED15
1.1265426210351706e-164,0.2782501417602887,0.762,0.764,4.306096514644836e-160,1,TMA7
1.6043587642481772e-163,0.43681885659106834,0.38,0.307,6.132500940462232e-159,1,LBH
1.7944401960581345e-163,0.5630945364756601,0.369,0.32,6.859068205412613e-159,1,STUB1
2.290075841618346e-163,0.3170560913949718,0.654,0.633,8.753585897001965e-159,1,HCLS1
4.2881051006625116e-163,0.6620672032542314,0.318,0.262,1.6390852936772385e-158,1,IVNS1ABP
1.0183858481506287e-162,0.6342893132966948,0.324,0.268,3.892678065970963e-158,1,GOLGA4
4.12564165209846e-162,0.6043017206820602,0.366,0.319,1.5769852650981153e-157,1,PAFAH1B1
2.8959992038038108e-161,0.5867711725770162,0.297,0.235,1.1069667356619686e-156,1,GABARAPL1
4.3712734178284695e-161,0.5880944822805677,0.321,0.265,1.6708755512307542e-156,1,ORAI1
6.43966766926099e-161,0.6734780462225245,0.304,0.249,2.4614985698983207e-156,1,CCDC69
4.028881158157551e-159,0.5421123004956774,0.386,0.338,1.5399995338941424e-154,1,THRAP3
7.105881163986995e-159,0.6057984296929427,0.349,0.299,2.7161520161223888e-154,1,MAF1
5.8175975931781924e-158,0.7183714195297904,0.278,0.224,2.2237185040164322e-153,1,CNOT2
1.801504468407997e-157,0.5842431101770518,0.368,0.321,6.886070680042729e-153,1,ACADVL
5.0352057529601326e-157,0.706436718313098,0.273,0.216,1.924657047011481e-152,1,GPATCH8
5.64537551779387e-156,0.707431672160886,0.283,0.23,2.157888337921529e-151,1,NRBP1
3.8066457294468635e-155,0.31425278981389804,0.649,0.63,1.4550522636237692e-150,1,CAPZB
3.73402468314426e-154,0.44083559731641486,0.458,0.414,1.427293594885062e-149,1,SELENOK
1.8942603173321136e-153,0.711732965844103,0.29,0.238,7.240620636970271e-149,1,TLE4
4.699069482605635e-153,0.5651202711444572,0.376,0.332,1.796172319031178e-148,1,RAB2A
1.8341271065941658e-150,0.6704341755104164,0.291,0.241,7.010767452245539e-146,1,MYDGF
4.459703122641395e-150,0.529369642590035,0.432,0.394,1.7046769215984468e-145,1,BAX
1.2739874082811805e-149,0.6329146715353319,0.299,0.248,4.8696894694139845e-145,1,PIN1
1.773974516264499e-149,0.6360796000231218,0.297,0.244,6.78084019096942e-145,1,CHIC2
2.0110095665873024e-149,0.4575674795250397,0.44,0.398,7.686882967323304e-145,1,RAB5C
3.6014020294822185e-149,0.5606156638968806,0.377,0.332,1.376599911749283e-144,1,NUCB1
1.6812608226805645e-148,0.6893392139326933,0.263,0.208,6.42645136861419e-144,1,SERPINB6
3.7201532489706624e-148,0.5674625859013871,0.38,0.336,1.421991377886546e-143,1,TMED10
1.3227402659452516e-147,0.5124152564804665,0.4,0.355,5.05604239254913e-143,1,NCOR1
4.002264744114972e-147,0.43591985703249136,0.314,0.244,1.5298256757905068e-142,1,LINC00861
1.5097122043145743e-146,0.6405058397778958,0.309,0.259,5.770723929772029e-142,1,DNAJC8
1.5366759147168156e-146,0.38922046836097157,0.52,0.487,5.873790016413556e-142,1,EPC1
4.989158144882811e-144,0.6242081161834774,0.316,0.267,1.9070558093000058e-139,1,SH3BP1
1.4232395314504607e-143,0.6850081950710685,0.267,0.213,5.440190785016241e-139,1,NUP210
1.6710102776037986e-142,0.4168249914214225,0.459,0.421,6.38726968511276e-138,1,TMEM50A
1.2960418513357493e-141,0.4661789706578541,0.43,0.39,4.953990372545768e-137,1,APBB1IP
1.788793526733549e-141,0.584841978859342,0.318,0.267,6.837484376586318e-137,1,DEF6
2.0506637660920438e-141,0.6313486537568481,0.301,0.253,7.838457179510228e-137,1,PUF60
1.0020328379583005e-140,0.3786190787491178,0.499,0.461,3.830170319811808e-136,1,WDR83OS
2.404337645707985e-140,0.5297267393535221,0.37,0.327,9.190340216954202e-136,1,PSMD8
1.648342232884172e-139,0.42027925253154097,0.491,0.461,6.300623350976459e-135,1,ATP5IF1
2.7446556838540046e-139,0.4923162069060143,0.285,0.221,1.0491171885963547e-134,1,TENT5C
2.896159865915312e-139,0.43431127165777805,0.455,0.417,1.107028147147469e-134,1,RAD21
6.320293769034061e-138,0.6528369009913002,0.286,0.235,2.4158690902755793e-133,1,KDM5A
2.7131186210158946e-136,0.43995269513861535,0.4,0.351,1.0370624616971155e-131,1,UBE2S
4.501503474573003e-136,0.34576929775078225,0.585,0.568,1.7206546881207848e-131,1,PRR13
8.777598327859232e-136,0.5672746172412253,0.328,0.276,3.355149184840913e-131,1,OGT
4.8925395296767534e-135,0.30191335708632705,0.649,0.637,1.8701243098236424e-130,1,FUS
8.543582078636436e-135,0.6530351835829162,0.282,0.231,3.2656988137379913e-130,1,IFI16
6.187320581848334e-134,0.5909353558312033,0.34,0.298,2.365041419205707e-129,1,CIAO2B
1.0590943105419907e-133,0.35686153869877857,0.542,0.518,4.0482820926157055e-129,1,ICAM3
2.8925574860977363e-133,0.5691540649856791,0.335,0.288,1.1056511734859987e-128,1,TACC1
1.951199252819293e-131,0.6851998568052159,0.25,0.199,7.458264023976465e-127,1,RSBN1L
4.629772342352662e-131,0.6600138111553473,0.271,0.222,1.7696841801408814e-126,1,ATF6B
6.403085312067019e-131,0.5120057191673357,0.381,0.338,2.4475153296844974e-126,1,OGA
1.0359065618923226e-130,0.59331579880276,0.267,0.214,3.9596492421772144e-126,1,SH3BP5
2.746570423368919e-130,0.4030332414601193,0.48,0.446,1.0498490786285355e-125,1,CSK
1.07097586986032e-129,0.5023350800371068,0.397,0.362,4.093698164954087e-125,1,AUP1
1.3745950879474667e-129,0.6608492659147742,0.281,0.234,5.254252264170397e-125,1,STARD7
1.4709321435955116e-128,0.6615480932980198,0.261,0.213,5.622491025679483e-124,1,RNF187
2.1095067704235598e-128,0.6285456988654677,0.305,0.258,8.063378679267015e-124,1,TAOK3
1.377197042894938e-126,0.6320478175045864,0.297,0.249,5.264197976761611e-122,1,SMARCC2
3.2307151327473574e-126,0.38478598201570613,0.509,0.483,1.2349085523413498e-121,1,CYTH1
2.763905426100271e-125,0.47949369756645605,0.387,0.35,1.0564752100725677e-120,1,PSMB6
5.204786236904672e-125,0.32651020192758473,0.495,0.453,1.9894774911944417e-120,1,VAMP8
7.563609578279186e-125,0.5762922439599941,0.309,0.265,2.891114125201436e-120,1,TMEM160
7.764295849710931e-125,0.6821700251374213,0.253,0.205,2.9678244455935064e-120,1,PTK2B
1.3366757818609868e-124,0.5774581773558909,0.301,0.253,5.109309508585436e-120,1,MAT2B
2.3046836149338746e-124,0.3378459244261851,0.641,0.627,8.809422649723242e-120,1,BTG2
4.555879110177898e-124,0.3835213810587865,0.388,0.333,1.7414392310743996e-119,1,VASP
2.4119780960380088e-123,0.4278181376116662,0.454,0.425,9.219545074295685e-119,1,EWSR1
1.1232263170385434e-122,0.4013676064034766,0.495,0.473,4.293420274248128e-118,1,SCAND1
3.326435140231648e-120,0.5308682888073168,0.374,0.338,1.271496568002145e-115,1,ZNF207
3.8156244098645666e-120,0.2584543921785125,0.661,0.647,1.458484274426632e-115,1,COX6A1
1.5797461922988316e-118,0.6320738947880331,0.296,0.254,6.0384218454430544e-114,1,HNRNPUL2
9.37304884960353e-118,0.5698251376741219,0.31,0.269,3.582754192272453e-113,1,ADRM1
1.0369495094226648e-117,0.49072698187051966,0.374,0.335,3.963635804817194e-113,1,PSMA6
5.151686043471865e-117,0.4063155582695287,0.469,0.439,1.9691804732566859e-112,1,SRSF11
7.912538936058842e-115,0.4598607694361434,0.431,0.402,3.0244888829191317e-110,1,TAX1BP1
1.840055454921581e-113,0.5886583014212757,0.295,0.254,7.033427970892251e-109,1,SSNA1
2.754324064097547e-113,0.541598176960358,0.308,0.265,1.0528128302606463e-108,1,UBE2L6
7.870915619509588e-113,0.3414101909469266,0.486,0.453,3.008578786401345e-108,1,SQSTM1
7.58903035941995e-111,0.2623562723303019,0.675,0.678,2.9008309645846817e-106,1,HNRNPK
2.923075763465437e-109,0.580578533066371,0.284,0.239,1.1173164798270286e-104,1,STK38
8.365277767150072e-109,0.5517484254635662,0.31,0.27,3.1975437737154435e-104,1,SDHA
2.296974359930446e-108,0.40639044047073114,0.439,0.406,8.779954793398137e-104,1,ARID4B
2.363463968174061e-108,0.6067578889163203,0.258,0.213,9.034104671948531e-104,1,XRN1
4.185592550520637e-108,0.6197687636541616,0.255,0.211,1.5999008965110082e-103,1,DENND1C
2.8510301272134335e-107,0.5600756633125714,0.316,0.277,1.0897777558260629e-102,1,PPM1G
1.174498743535524e-106,0.3044316069243935,0.514,0.487,4.489403997290187e-102,1,SEC61B
8.4630390984899755e-106,0.38930501165328213,0.427,0.393,3.2349120650068084e-101,1,PGAM1
4.6751808987965845e-105,0.3309851270895353,0.364,0.308,1.7870411467560064e-100,1,GIMAP7
1.723760347476974e-104,0.32435538398485964,0.556,0.55,6.588901552195985e-100,1,SAP18
2.295231259847049e-104,0.5021222299938226,0.357,0.325,8.773291967639361e-100,1,OTUB1
1.1842920784182815e-102,0.49001767360188786,0.36,0.326,4.526838040546039e-98,1,ANAPC5
2.3731722582320103e-101,0.5510407735317111,0.316,0.277,9.071213639866037e-97,1,SLTM
8.935571872503615e-101,0.619979671638617,0.258,0.217,3.4155329925457818e-96,1,RAB8A
1.4511832081138668e-100,0.4969691692166949,0.354,0.323,5.5470026946944446e-96,1,ENSA
1.9277986942375248e-100,0.5850573326533067,0.257,0.215,7.368817728853515e-96,1,MAP2K3
1.3259205873688166e-99,0.5485961759164184,0.315,0.277,5.068198853158565e-95,1,SMG1
1.358734587551705e-99,0.29577136868918263,0.334,0.284,5.193627087457637e-95,1,MT2A
2.2957422055870238e-99,0.5148362247684402,0.326,0.29,8.77524500663584e-95,1,RPN1
6.206608706576262e-99,0.2530085435366902,0.368,0.313,2.3724141120017103e-94,1,ITGB1
2.239533153990045e-98,0.35811985456344164,0.504,0.484,8.560391527811548e-94,1,ACTR2
4.2230143928149254e-98,0.5823413565944262,0.267,0.227,1.614205021509577e-93,1,LBR
5.6175224286102327e-98,0.34643626677961814,0.505,0.486,2.1472417731119754e-93,1,EID1
1.127386986002375e-97,0.4788191827782723,0.363,0.334,4.309324015295478e-93,1,PPP2R1A
4.282187016978967e-96,0.31295415798375825,0.557,0.547,1.6368231653700404e-91,1,SF3B1
1.1685879400658957e-95,0.42016062623017647,0.42,0.392,4.46681054210788e-91,1,NUCKS1
2.2968932813646733e-95,0.35852955990660385,0.485,0.47,8.779644878688327e-91,1,SRSF9
9.573707087370071e-95,0.2719074374522741,0.628,0.628,3.659453797076336e-90,1,SON
1.9476566012793657e-94,0.4753907582922699,0.327,0.29,7.444722592730248e-90,1,MED10
1.042549801706435e-93,0.49781727238124407,0.331,0.299,3.985042362042677e-89,1,SUMO1
5.922480513162565e-93,0.5356289282578822,0.31,0.276,2.263808951351259e-88,1,ACP1
6.377948726918848e-93,0.4788932099585738,0.333,0.299,2.4379071213774602e-88,1,NDUFA6
1.6140623966635843e-92,0.44114590626857075,0.415,0.39,6.169592105006885e-88,1,CANX
4.188001399706804e-92,0.5915712641786911,0.267,0.231,1.6008216550239287e-87,1,GOLPH3
7.277850257954955e-92,0.3406069235525252,0.421,0.38,2.781885482600702e-87,1,ACAP1
1.0861937038647657e-91,0.58381140707201,0.252,0.212,4.15186681365268e-87,1,KDM4C
8.017557105140812e-91,0.3580416627317645,0.43,0.398,3.064631027869024e-86,1,BLOC1S1
4.563797010561322e-90,0.4212899467822594,0.273,0.227,1.74446576931696e-85,1,AGTRAP
1.0929593479144116e-89,0.4488115603237581,0.321,0.281,4.1777278114680467e-85,1,NAP1L4
1.5335988200289732e-89,0.44536715518025,0.338,0.302,5.862028129678747e-85,1,HERPUD2
1.5491400752577751e-89,0.4883655742115155,0.33,0.298,5.92143302366532e-85,1,NAPA
9.684489016381395e-89,0.5749400307326965,0.252,0.212,3.7017990816216245e-84,1,STIM2
1.8566334536001484e-88,0.3708755281707813,0.471,0.456,7.096795713041207e-84,1,HP1BP3
1.1057576447929202e-87,0.458114680633022,0.371,0.347,4.226648021456458e-83,1,PPP2CA
2.0914320511918217e-87,0.5704133883485523,0.259,0.22,7.99428987247562e-83,1,DNMT1
6.142779023649339e-87,0.41853528727603007,0.392,0.363,2.3480158539997232e-82,1,POLR2L
3.996888449745045e-86,0.5480609398116438,0.266,0.228,1.527770641030546e-81,1,CCNDBP1
7.204194819040164e-86,0.42925397876146143,0.41,0.389,2.7537314276299125e-81,1,KLF13
3.0750116094054516e-85,0.676485303476144,0.25,0.215,1.1753924375791397e-80,1,IRF9
7.222617021839079e-85,0.5156702282010314,0.323,0.292,2.7607731304277697e-80,1,DDX46
7.337551247581452e-85,0.5321329202356831,0.301,0.266,2.8047055888755343e-80,1,SETD2
8.883117865874284e-85,0.5537677073968998,0.256,0.217,3.3954829730517865e-80,1,ARID5A
2.381356459568205e-83,0.44237087506970796,0.363,0.331,9.102496931053507e-79,1,ATRX
5.882668237560184e-83,0.43036403608673257,0.38,0.355,2.2485911071250046e-78,1,HNRNPR
1.2730704961972155e-82,0.5736436597736152,0.268,0.233,4.8661846646642365e-78,1,BIRC6
2.532327833131845e-82,0.38353826114125067,0.352,0.313,9.679569909363165e-78,1,TCIRG1
1.2080282965862522e-81,0.4552819653148958,0.339,0.308,4.617567360871291e-77,1,RSF1
2.4329143772787435e-81,0.5177653109881871,0.258,0.221,9.299571915710269e-77,1,EHD1
3.828062724610171e-81,0.4792204978011089,0.335,0.304,1.4632386958549917e-76,1,TRIM22
1.9929028787475585e-80,0.42751415697021855,0.382,0.356,7.617671963724668e-76,1,CLK1
1.7169535235400506e-79,0.3366435737836526,0.518,0.512,6.56288314837949e-75,1,BCLAF1
4.1072057497095856e-79,0.3490652705576567,0.488,0.48,1.569938325768992e-74,1,SERBP1
6.847138897989957e-79,0.3668280926202998,0.455,0.442,2.6172503723676812e-74,1,PABPN1
7.264681637612896e-79,0.33888545260728986,0.483,0.474,2.7768519091611535e-74,1,NDUFB8
1.3683286051833483e-78,0.4797627783939985,0.344,0.318,5.2302992604528304e-74,1,SPCS3
1.5104932979144899e-77,0.3296985778833845,0.511,0.504,5.773709581948346e-73,1,SRSF3
4.665946794328625e-77,0.35854464467203884,0.426,0.406,1.7835115026641736e-72,1,SP100
2.4825477936449454e-76,0.4636118086121893,0.332,0.307,9.489290686428439e-72,1,UBE2L3
2.8918810782838494e-76,0.3746914282111341,0.438,0.421,1.1053926233632186e-71,1,C9orf78
1.1588619030330208e-74,0.40696026673133817,0.276,0.235,4.429633738153419e-70,1,ATP2A3
3.390099615682986e-74,0.37646861001000764,0.428,0.411,1.2958316770986646e-69,1,ADAR
4.577636643716877e-74,0.350693872740533,0.479,0.47,1.749755830694339e-69,1,GTF3A
3.6541570019596023e-73,0.38496641393626174,0.417,0.402,1.3967649724290385e-68,1,HNRNPF
1.0885382518969584e-72,0.37404190582050745,0.432,0.416,4.160828614050934e-68,1,RBM25
2.831712821029114e-72,0.5327287036174202,0.262,0.228,1.0823939087101686e-67,1,BDP1
5.138045658292048e-72,0.5391263857283186,0.277,0.247,1.9639665724255523e-67,1,DNTTIP2
1.0304572144302787e-71,0.5862923633802005,0.252,0.221,3.938819656438297e-67,1,HECTD1
2.266963905965876e-71,0.5622172147773518,0.251,0.22,8.665242834163963e-67,1,YTHDF2
2.42087806123312e-71,0.31358460983468817,0.503,0.501,9.253564301257477e-67,1,JTB
6.513381018190215e-71,0.3164841497943939,0.38,0.342,2.489674760393028e-66,1,SEPTIN1
1.8689734418836563e-70,0.4342113040364842,0.31,0.276,7.143964084256088e-66,1,GIMAP4
3.575918537512723e-70,0.5306375045271848,0.268,0.237,1.3668591017788632e-65,1,SMARCE1
4.6027552261471595e-70,0.5144030473263786,0.254,0.222,1.7593571576424903e-65,1,IMP3
6.034544254322731e-70,0.5234925537167683,0.292,0.266,2.3066441957723207e-65,1,SEPTIN2
1.166259043400652e-69,0.5147084290863253,0.283,0.256,4.457908567494652e-65,1,CYC1
1.546722325215928e-69,0.3624356984875905,0.417,0.401,5.912191415905363e-65,1,UFC1
2.933006894466021e-69,0.555693055180155,0.257,0.227,1.1211125553406918e-64,1,EFCAB14
3.186861181388406e-69,0.5212155648761168,0.262,0.231,1.2181458179739042e-64,1,PSMA5
4.0603912755133223e-69,0.3297812523053475,0.462,0.449,1.5520439611522124e-64,1,WAS
1.6109561428866143e-68,0.4929878857745499,0.271,0.239,6.157718760569795e-64,1,TOMM5
3.6034968001978497e-68,0.5163080579137529,0.327,0.304,1.377400616907626e-63,1,C17orf49
5.117336507040505e-68,0.5160211373434732,0.258,0.227,1.9560507064511626e-63,1,CMTM3
1.2879168974196172e-67,0.3265579554669834,0.45,0.437,4.922933548696744e-63,1,COPE
2.1659400699662522e-67,0.4505638996633873,0.327,0.304,8.279089323439003e-63,1,RAB11B
3.8054437743348924e-67,0.38156425975843167,0.39,0.374,1.4545928283017693e-62,1,TXNL4A
2.667169742586829e-66,0.5230687561481662,0.258,0.227,1.0194989624063895e-61,1,TMOD3
3.198535315006321e-66,0.5244830619984424,0.285,0.258,1.2226081388080162e-61,1,EIF4EBP2
4.5085471012876504e-66,0.5423872534535591,0.258,0.23,1.7233470439961915e-61,1,RNF220
6.402909397685199e-66,0.5158919880872082,0.288,0.26,2.4474480881711904e-61,1,USP34
7.676856581570533e-66,0.45147649754522773,0.347,0.324,2.9344016597395206e-61,1,VPS13C
3.621815943539455e-65,0.3074477500345172,0.448,0.428,1.3844029262585211e-60,1,ADD3
1.597502295606049e-64,0.445844956625318,0.34,0.317,6.106292774724561e-60,1,KPNB1
3.416163276176599e-64,0.5182649433245398,0.255,0.227,1.3057942506857433e-59,1,EMC4
6.917539865472802e-64,0.47451481344531676,0.293,0.269,2.6441604381783236e-59,1,ALYREF
2.3906779090132885e-63,0.4686143545483915,0.311,0.288,9.138127239412393e-59,1,MAP7D1
3.0307624736566037e-63,0.39321084187941996,0.386,0.372,1.1584786479305002e-58,1,AP2M1
3.74709813272743e-63,0.3761618311081636,0.382,0.361,1.4322907902537328e-58,1,ANKRD44
3.588362618302894e-62,0.34932036246149956,0.451,0.447,1.3716157272200982e-57,1,PAIP2
2.3813120206386377e-61,0.5222050787090252,0.278,0.252,9.102327067689129e-57,1,ELF2
5.069464373153847e-61,0.3685183178522635,0.382,0.367,1.9377520619943265e-56,1,SELENOF
6.669678327881683e-60,0.29475894490654864,0.425,0.412,2.5494178440494947e-55,1,TUBB
2.9534077600254886e-59,0.2901448161557352,0.431,0.412,1.1289105821921428e-54,1,PRKCB
1.0658845353992766e-58,0.4286087042858513,0.336,0.315,4.074237048110195e-54,1,ROCK1
4.951318779328577e-58,0.266162825479328,0.563,0.569,1.8925920902105551e-53,1,SRRM1
5.906536760544707e-58,0.3783683033542118,0.308,0.28,2.257714611350609e-53,1,DYNLL1
9.280771461419995e-58,0.26893355492482685,0.482,0.475,3.547482083413179e-53,1,ATP6V0E1
2.3395015463655787e-57,0.3486046268757018,0.352,0.324,8.942510710827789e-53,1,SPTAN1
1.5961734516218644e-56,0.47731482475758014,0.284,0.26,6.1012134014794145e-52,1,DCXR
4.574114407340541e-56,0.3754434649930298,0.315,0.287,1.7484094910618483e-51,1,ATF7IP
1.074532952894294e-55,0.4305428446442412,0.331,0.312,4.107294759143149e-51,1,FOXN3
3.457262165588929e-55,0.3619133846856556,0.412,0.406,1.3215038901747124e-50,1,LSM14A
4.550817016426772e-55,0.3941027579476545,0.341,0.325,1.7395042963589692e-50,1,STRAP
5.181510998636554e-55,0.5326510349649183,0.255,0.23,1.9805807641188365e-50,1,SH3GLB1
1.5524410394225775e-54,0.4263774608805986,0.294,0.267,5.93405062908886e-50,1,LUC7L3
3.224819111706011e-54,0.35670245738384776,0.413,0.405,1.2326548572585055e-49,1,ANKRD11
1.8961317455515213e-53,0.36237416981588944,0.391,0.378,7.247773984196135e-49,1,PNN
4.877043678703644e-53,0.392528346070419,0.333,0.316,1.864201175747681e-48,1,ATP6AP2
7.462353090288325e-53,0.2823093853744977,0.485,0.484,2.852409845231809e-48,1,CIB1
8.099349827192124e-53,0.29299887216364995,0.4,0.376,3.095895477945918e-48,1,RBL2
8.725891973318093e-53,0.3865756517334188,0.36,0.346,3.335384947881108e-48,1,HSPA9
1.080873223329561e-51,0.37104824158369776,0.355,0.34,4.131529808854914e-47,1,SRP9
1.5265727781055375e-51,0.3438965199751699,0.42,0.418,5.835171787030606e-47,1,UBE2I
1.611187891051609e-51,0.45853220588646654,0.276,0.252,6.15860459475567e-47,1,PRNP
2.982917032150943e-51,0.33213275692972644,0.412,0.404,1.1401902063693765e-46,1,XRCC5
4.2415010282688395e-51,0.36687817056300526,0.334,0.313,1.6212713530454812e-46,1,RBMS1
1.2331759535853436e-50,0.4263142931722008,0.335,0.318,4.713691764984617e-46,1,POLR2A
1.3334392610658121e-49,0.516341764886703,0.25,0.228,5.0969382314979603e-45,1,CHKB
1.6967701766986163e-49,0.4379661206328435,0.304,0.289,6.485734323412791e-45,1,SNRPC
2.7068175873339773e-49,0.4076260106715417,0.367,0.357,1.0346539545825395e-44,1,UBE2V1
5.666005388212516e-48,0.47654359610510133,0.254,0.23,2.165773899590352e-43,1,TMF1
6.327551614504368e-48,0.41188396154584866,0.331,0.317,2.4186433291281493e-43,1,YY1
1.9063542688959218e-47,0.32815593584793584,0.394,0.386,7.286848557427772e-43,1,DAD1
2.4502302377567136e-47,0.507436517708529,0.259,0.24,9.365760060801263e-43,1,RAD23B
1.0688949193073128e-45,0.3460316457847147,0.349,0.336,4.0857439395602727e-41,1,PPP4C
1.4749150322971782e-45,0.2708067642354699,0.419,0.406,5.637715219452734e-41,1,CYCS
2.390055252321898e-45,0.43350007720082406,0.303,0.288,9.135747196475223e-41,1,ECH1
5.415517053597678e-45,0.43067111803339997,0.277,0.256,2.0700272385671765e-40,1,SRPRA
2.795911000532849e-44,0.3028565079441041,0.427,0.425,1.0687090208436762e-39,1,NEDD8
2.8945270983697853e-44,0.2543956746034669,0.487,0.492,1.1064040380808668e-39,1,PSMB1
6.9214317662187e-44,0.352004358774788,0.275,0.25,2.645648078319436e-39,1,HIST1H1C
9.145627925583249e-43,0.3693824349904897,0.275,0.248,3.495824818274941e-38,1,AAK1
2.8279203068258698e-42,0.2796050309549203,0.358,0.336,1.0809442580811205e-37,1,TMC8
3.261307694074315e-42,0.3973306005091092,0.323,0.309,1.2466022529829662e-37,1,PA2G4
3.364961454726236e-42,0.47563208041287736,0.261,0.242,1.2862228664545563e-37,1,SETX
3.703150194911095e-42,0.3638783469096642,0.341,0.327,1.415492130502817e-37,1,RTN4
5.806188453721355e-42,0.35640784899097566,0.338,0.326,2.2193574745504508e-37,1,NDUFA12
7.13414560119436e-42,0.41227619759737494,0.28,0.262,2.7269558146005326e-37,1,SCAMP2
9.514274773792096e-42,0.4684341004209635,0.255,0.236,3.6367363895342908e-37,1,KPNA4
1.5795952425793703e-41,0.42985981448646216,0.292,0.277,6.0378448552353855e-37,1,RBCK1
1.8374293801611117e-41,0.4620565058830788,0.274,0.257,7.023390062727833e-37,1,SRSF4
2.850060717067197e-41,0.3344906105989503,0.379,0.375,1.0894072084917654e-36,1,RNF7
2.9245334841539674e-41,0.3944972031583228,0.33,0.318,1.1178736789830125e-36,1,MMP24OS
9.145118296629067e-40,0.4010647769987063,0.273,0.253,3.4956300177034944e-35,1,CENPC
1.016298894260283e-39,0.35326199037364975,0.342,0.324,3.884700893420506e-35,1,IER5
1.904908895935907e-39,0.3508103113361102,0.312,0.295,7.28132376382541e-35,1,ZNF292
4.136437730172725e-39,0.4464048555495151,0.253,0.235,1.5811119579812224e-34,1,ABI1
1.9135851150278926e-38,0.3067858971492616,0.354,0.338,7.314487743682617e-34,1,MPHOSPH8
2.5568694997612816e-38,0.38125596613430357,0.317,0.304,9.773377975887523e-34,1,NIPBL
3.3107246032427994e-38,0.3397222318592523,0.326,0.31,1.2654913723435277e-33,1,TMC6
4.509754643350106e-37,0.2609603124031118,0.477,0.488,1.7238086148741447e-32,1,CDC37
6.179440810036622e-37,0.43397571090023623,0.284,0.27,2.3620294552283983e-32,1,ZNF394
9.595691557173528e-37,0.34348951113172244,0.322,0.308,3.6678571408140096e-32,1,URI1
1.0080763304627022e-36,0.35988660832107056,0.35,0.342,3.8532709655606325e-32,1,RWDD1
4.360394436996411e-36,0.38510793273880367,0.313,0.305,1.6667171695975082e-31,1,MLF2
5.812572997772843e-36,0.4441959721860104,0.258,0.242,2.2217979026686914e-31,1,CASP4
1.1969135456209446e-35,0.30790595930163533,0.395,0.395,4.5750823367814985e-31,1,RAB7A
2.264047083446394e-35,0.4221420313450689,0.274,0.26,8.654093571765497e-31,1,GLUD1
3.4179192519642736e-35,0.2580170824704837,0.477,0.488,1.3064654548708239e-30,1,HNRNPD
3.8565466832249307e-35,0.35001958520981513,0.348,0.345,1.4741264041958976e-30,1,GHITM
5.1043006407611e-35,0.3877381631902911,0.306,0.295,1.951067876924523e-30,1,NDUFS8
5.869994062196477e-35,0.25284402395264116,0.452,0.456,2.2437465303339814e-30,1,PARK7
2.8764219010010266e-34,0.39046800556129213,0.289,0.275,1.0994835074386324e-29,1,SMARCC1
7.642559177948259e-34,0.42048920968339215,0.271,0.257,2.9212918201789425e-29,1,LUC7L2
3.710336877222294e-33,0.3258982694641802,0.405,0.408,1.4182391679494496e-28,1,TGOLN2
4.416340555457012e-33,0.36750244102232354,0.339,0.336,1.6881020139178882e-28,1,PSMA2
4.737272796019152e-33,0.38483452033329923,0.28,0.265,1.8107751535503606e-28,1,TBRG1
1.8597043400243844e-32,0.3986978280618467,0.284,0.273,7.1085338693092065e-28,1,UBE3A
3.8612026800570487e-32,0.34471675543515873,0.35,0.345,1.4759061124250062e-27,1,TAF15
8.942789390380548e-32,0.3355684925999319,0.277,0.258,3.418291816579061e-27,1,WHAMM
1.8974074851298868e-31,0.38357588113197916,0.29,0.278,7.252650371160479e-27,1,EAPP
1.9658137881429849e-31,0.3602552031594605,0.315,0.308,7.514126623797746e-27,1,PSMC5
2.8297643288108146e-31,0.31210555761060244,0.357,0.352,1.0816491170446458e-26,1,SERINC1
4.002351783281471e-31,0.4087859144500846,0.27,0.256,1.5298589456415094e-26,1,PRRC2B
4.458913199727564e-31,0.25654735820223984,0.415,0.417,1.704374981463864e-26,1,RBBP6
8.247228887273315e-31,0.33198720267799864,0.346,0.341,3.152420769871352e-26,1,EMD
2.1233418025899585e-30,0.26992731115552226,0.428,0.433,8.116261706219857e-26,1,GNB1
2.911196715634628e-30,0.369572576718331,0.322,0.314,1.1127758325841802e-25,1,RSRC2
6.965230641199028e-30,0.3846031454237736,0.273,0.259,2.6623897602919164e-25,1,SNRNP200
8.597810222567926e-30,0.35718675478675654,0.349,0.346,3.286426979474364e-25,1,IK
1.0939363178638766e-29,0.40780017512398276,0.264,0.254,4.181462181402882e-25,1,LRPAP1
2.653997520341268e-29,0.28556174378728544,0.4,0.406,1.0144640121752463e-24,1,MDH2
5.172361700131023e-29,0.3987252901655521,0.275,0.265,1.977083536258082e-24,1,DGUOK
8.816514011055124e-29,0.39486135914313253,0.264,0.252,3.3700243155857105e-24,1,NDUFS6
1.5629307138188693e-28,0.3607435415978573,0.269,0.254,5.9741463605012464e-24,1,MYLIP
4.39519147078024e-28,0.3518933507971216,0.325,0.318,1.680017987791039e-23,1,HSPE1
5.518292925953306e-28,0.34626726691844184,0.321,0.315,2.109312288016392e-23,1,BAZ2A
7.7888274151024685e-28,0.3242506037834109,0.311,0.301,2.9772013911487677e-23,1,REEP5
1.0664888917915383e-27,0.259823682136865,0.382,0.377,4.076547139983976e-23,1,REL
3.0474032856659678e-27,0.39505061650762274,0.272,0.264,1.1648394319129595e-22,1,PDCD6
3.85977139694153e-27,0.3842422714695595,0.262,0.25,1.4753590187669306e-22,1,FGD3
6.556889031398481e-27,0.3703232531553693,0.281,0.271,2.5063052633617554e-22,1,SRI
1.6321143845511216e-26,0.37290586360594685,0.282,0.27,6.238594023508207e-22,1,SLC38A2
4.038034820952907e-26,0.3835627550468249,0.27,0.261,1.5434984299610392e-21,1,MVP
5.222929276140506e-26,0.40576985938750254,0.265,0.256,1.996412486511947e-21,1,HPS1
8.279746943675009e-26,0.2721840846911916,0.391,0.395,3.1648504717503355e-21,1,H2AFV
1.6889895908903935e-25,0.26795132052295456,0.396,0.401,6.45599381221944e-21,1,TRMT112
2.6890167078173014e-25,0.3524856614602611,0.311,0.308,1.0278497463960854e-20,1,ATXN2L
5.005031578431909e-25,0.3464627260189268,0.284,0.276,1.9131232705398128e-20,1,TWF2
1.0636950086838365e-24,0.3373831221045319,0.284,0.275,4.0658678011930965e-20,1,HDAC1
2.2228299382485454e-24,0.3748010812445071,0.284,0.277,8.496545155961239e-20,1,TNKS2
6.526283496007833e-24,0.35109155387532387,0.311,0.308,2.494606603514034e-19,1,ANKHD1
6.778767921486065e-24,0.29209329462178923,0.338,0.335,2.5911162503088334e-19,1,ANAPC11
1.183731722311682e-23,0.2842570747132753,0.32,0.311,4.524696135364173e-19,1,IL16
3.407209344945751e-23,0.35028280499409103,0.283,0.278,1.3023717000120638e-18,1,OS9
3.5884027646910345e-23,0.36717006901423194,0.286,0.282,1.371631072775501e-18,1,DAZAP1
4.386051802839934e-23,0.3214194409858048,0.335,0.337,1.6765244411175362e-18,1,SF3B6
1.9180624532928565e-22,0.3442602116075514,0.305,0.302,7.331601921466614e-18,1,SLC3A2
3.7272206069360046e-22,0.35420622787351796,0.291,0.287,1.4246928047952185e-17,1,M6PR
4.0663823538692783e-22,0.2745373081213002,0.369,0.37,1.554333990942993e-17,1,PRPF8
7.639268446888379e-22,0.28370925696702787,0.356,0.361,2.920033971138614e-17,1,TUFM
1.6676709660941647e-21,0.32944065421699265,0.319,0.318,6.374505500798335e-17,1,PRPF40A
8.282595071566438e-21,0.3351865872828979,0.273,0.266,3.165939140155555e-16,1,LAPTM4A
9.217667911613615e-21,0.31458055409588315,0.325,0.325,3.523361382535188e-16,1,SNX6
1.5426256799093415e-20,0.33287260652794254,0.277,0.273,5.896532398885467e-16,1,CCT7
3.098539319146311e-20,0.3763206005095582,0.26,0.254,1.184385669350486e-15,1,NCKAP1L
2.3937463563081505e-19,0.33694770663478346,0.29,0.288,9.149856072352274e-15,1,MAGOH
4.338977065679035e-19,0.358405118334678,0.265,0.26,1.6585305935851546e-14,1,RNF181
5.286956253609114e-19,0.30974428407266974,0.316,0.317,2.0208861583795478e-14,1,TRABD
7.516192268258547e-19,0.3261624627189796,0.3,0.299,2.8729893326191474e-14,1,FLOT2
2.600919418127035e-18,0.25835459243729014,0.342,0.341,9.941754383848779e-14,1,NR3C1
5.062308814026832e-18,0.26083994514855485,0.371,0.382,1.9350169210736163e-13,1,ERH
5.6011306006301446e-18,0.31205332182162,0.316,0.319,2.1409761607848665e-13,1,KIF5B
9.333470613473612e-18,0.33331628645605504,0.282,0.28,3.567625807294154e-13,1,FDFT1
3.901295057038923e-17,0.34144972916557087,0.264,0.26,1.4912310226025578e-12,1,ACIN1
1.128066761879813e-16,0.2869837422914241,0.349,0.354,4.311922390609397e-12,1,SCAF11
1.446596631007423e-16,0.3729766250589621,0.271,0.269,5.529470962362774e-12,1,PHF20
7.299998109603715e-16,0.25874511974209147,0.281,0.272,2.790351277414924e-11,1,BIN1
4.8763060691108674e-15,0.3122602112749739,0.302,0.305,1.863919231856938e-10,1,PTBP3
8.341242497926568e-15,0.30943979544883055,0.287,0.289,3.1883565324074513e-10,1,POLR2E
1.63152664248107e-14,0.31931508069377557,0.283,0.282,6.236347438219642e-10,1,REST
2.3910833671538186e-14,0.33121951376230396,0.266,0.265,9.139677062608757e-10,1,COPS9
3.69156683033314e-14,0.3317589491143615,0.262,0.262,1.4110645052265393e-9,1,CLTB
3.740086057150618e-14,0.26019031074371185,0.284,0.279,1.4296104944852521e-9,1,SEMA4D
9.995148358921008e-14,0.2795282080516994,0.353,0.364,3.820545508713966e-9,1,GGNBP2
1.2081869359426456e-13,0.2738504005818555,0.293,0.291,4.618173743947168e-9,1,FAM177A1
1.9097363531992493e-13,0.3501419236333979,0.287,0.289,7.299776236468811e-9,1,DYNLT1
2.591371756389688e-13,0.2606031107872063,0.359,0.367,9.905259401623942e-9,1,SEC61G
8.973419707912086e-13,0.2900171914896057,0.296,0.301,3.429999949152316e-8,1,MAZ
9.26667496367083e-13,0.25565187004760914,0.361,0.374,3.542093838113538e-8,1,TNFRSF14
2.5566290447260285e-12,0.2520477344449566,0.348,0.357,9.772458860560771e-8,1,UBXN4
2.8943862915448086e-12,0.25002062785079426,0.369,0.382,1.1063502160800877e-7,1,TRAM1
3.871106134973368e-12,0.29587623247384315,0.264,0.263,1.4796916090322203e-7,1,TMED4
8.087387241812227e-12,0.2547101745888628,0.325,0.331,3.0913228993103057e-7,1,UQCRQ
5.629279137807664e-11,0.26532173151875205,0.359,0.376,2.1517356576356014e-6,1,DDX39B
1.2916410367531012e-10,0.28238950865569756,0.291,0.296,4.937168698885054e-6,1,GPBP1
3.1802805310090473e-10,0.3043467968320941,0.267,0.27,1.2156304301728982e-5,1,MRPL41
5.573948475023782e-10,0.32404884813404444,0.283,0.291,2.1305860650930904e-5,1,WASHC1
5.967350446952459e-10,0.29495250957183916,0.27,0.274,2.2809600348431078e-5,1,AFF4
8.237033545159446e-9,0.27957766141149865,0.294,0.301,3.1485237023017466e-4,1,BOD1L1
8.96802201442551e-9,0.2833168819800462,0.281,0.289,3.427936734794007e-4,1,PSMD4
1.6201667319615764e-8,0.2865440135312939,0.277,0.285,6.19292531624993e-4,1,SNX17
1.8076316437331482e-8,0.3162124518572841,0.257,0.262,6.909491195005586e-4,1,CSNK1G2
2.1525551700473556e-8,0.3104028770888373,0.264,0.267,8.227926881989012e-4,1,IFRD1
2.7827514237344273e-8,0.2702124865085396,0.298,0.307,0.0010636789042082475,1,PPP4R3A
2.998415961705825e-8,0.2946518065742355,0.276,0.282,0.0011461145172024345,1,RBM33
7.936338755819242e-8,0.25562201993012656,0.302,0.311,0.0030335861260243468,1,ARIH1
1.6394540714802035e-7,0.3054861535214183,0.246,0.25,0.00626664924282593,1,PDS5A
6.895208563975288e-7,0.3819862130513019,0.276,0.279,0.026356245214939143,1,TSPYL2
1.0722929460241418e-6,0.2931183111397398,0.267,0.274,0.040987325568826796,1,GNA13
2.443422383969627e-6,0.2678494616403819,0.263,0.269,0.09339737720485503,1,PIAS1
2.582647562026127e-6,0.2890614001131998,0.256,0.265,0.09871912041088668,1,GTF2A2
3.062305228919802e-6,0.26853245314191004,0.251,0.256,0.11705355507023052,1,CCT3
3.65700496127633e-6,0.251006252871827,0.285,0.296,0.13978535763982644,1,PYURF
4.5704167412445706e-6,0.3061648864595373,0.251,0.259,0.17469960951733246,1,SP3
7.613183863850664e-6,0.26762848618765106,0.263,0.269,0.2910063400118278,1,PCM1
1.7137798730974327e-5,0.27569939201304994,0.277,0.289,0.6550752186927626,1,PRRC2A
5.408687637161277e-5,0.2560767117669217,0.281,0.295,1,1,PSMF1
1.9369463214165297e-4,0.3079709771722372,0.247,0.257,1,1,SNRPD1
2.452142381306839e-4,0.2796976719225503,0.257,0.268,1,1,TMEM230
2.643042328696157e-4,0.2832436001399058,0.242,0.251,1,1,WDR33
0.0010944613846813802,0.27351292010476225,0.264,0.278,1,1,PRKCSH
0,5.782271307120486,0.987,0.079,0,2,S100A8
0,5.440601127135407,0.995,0.124,0,2,S100A9
0,4.02171253405725,0.949,0.086,0,2,FCN1
0,4.7641204190292115,0.998,0.146,0,2,LYZ
0,5.223755247817654,0.888,0.048,0,2,VCAN
0,2.92986535493682,0.997,0.171,0,2,CST3
0,5.656886654978179,0.843,0.029,0,2,S100A12
0,3.1367767921556617,0.944,0.144,0,2,IFI30
0,2.806470757269265,0.971,0.175,0,2,AIF1
0,2.248949493981752,0.929,0.135,0,2,LST1
0,2.936870881352639,0.924,0.13,0,2,SPI1
0,5.29526708377767,0.81,0.036,0,2,CD14
0,3.479975375932156,0.952,0.178,0,2,CEBPD
0,3.389638985223038,0.909,0.155,0,2,TYMP
0,2.4193213692962976,0.96,0.21,0,2,FCER1G
0,3.50352547662056,0.861,0.114,0,2,KLF4
0,4.790034114255349,0.786,0.042,0,2,MS4A6A
0,4.49679397921554,0.796,0.06,0,2,CSTA
0,1.962871006555302,0.82,0.09,0,2,SERPINA1
0,4.3500664485866,0.775,0.059,0,2,IL1B
0,4.180709056076507,0.78,0.068,0,2,TNFAIP2
0,4.760472491868315,0.749,0.046,0,2,CSF3R
0,3.660433902741407,0.773,0.09,0,2,PLAUR
0,3.243428740157286,0.85,0.167,0,2,NAMPT
0,3.0861562325850196,0.826,0.144,0,2,LGALS3
0,2.7996504379073306,0.783,0.105,0,2,CD68
0,4.510101082789871,0.733,0.062,0,2,MNDA
0,2.651865130638582,0.998,0.33,0,2,TYROBP
0,3.212973121004657,0.76,0.108,0,2,CYBB
0,3.7930057232453143,0.724,0.076,0,2,NCF2
0,1.1558541706421663,0.937,0.291,0,2,HLA-DRA
0,3.0759326907164324,0.81,0.167,0,2,GRN
0,3.0330990846650234,0.721,0.08,0,2,CFD
0,2.907209320696464,0.978,0.34,0,2,CTSS
0,2.6621090178195663,0.878,0.254,0,2,RGS2
0,4.6204227388296815,0.649,0.036,0,2,LGALS2
0,4.194957819982182,0.657,0.047,0,2,CXCL8
0,2.6386013318990713,0.913,0.306,0,2,BRI3
0,2.9172841882626126,0.76,0.153,0,2,FCGRT
0,4.332415290409669,0.657,0.05,0,2,FPR1
0,2.970965437348473,0.779,0.178,0,2,AP1S2
0,2.7427328360083623,0.768,0.172,0,2,RNF130
0,3.583314988171047,0.681,0.09,0,2,BLVRB
0,2.536531410592012,0.976,0.385,0,2,S100A11
0,3.9689076841336934,0.651,0.065,0,2,CD302
0,2.7541655137118224,0.917,0.331,0,2,TKT
0,2.4986571073613697,0.806,0.229,0,2,PYCARD
0,2.9083604976761697,0.753,0.176,0,2,NCF1
0,3.059070688654808,0.672,0.096,0,2,CFP
0,2.6524300029261783,0.776,0.201,0,2,APLP2
0,3.0488916436193447,0.641,0.068,0,2,C5AR1
0,2.578834140132461,0.838,0.276,0,2,TALDO1
0,2.510572818166994,0.826,0.27,0,2,ATP2B1-AS1
0,3.501118627578513,0.614,0.061,0,2,G0S2
0,2.1508540790203208,0.847,0.296,0,2,NPC2
0,3.5007256349438114,0.612,0.065,0,2,CLEC7A
0,1.9797156128676106,0.967,0.423,0,2,LGALS1
0,2.378095882375795,0.818,0.289,0,2,AC020916.1
0,2.822723639713626,0.653,0.128,0,2,CDKN1A
0,3.3947171346530047,0.591,0.067,0,2,SLC11A1
0,2.4687603544634475,0.702,0.178,0,2,PTPRE
0,2.2157911544622766,0.804,0.28,0,2,STXBP2
0,4.018849270938739,0.572,0.048,0,2,ALDH2
0,2.9978310400224446,0.632,0.109,0,2,CAPG
0,4.361790531261849,0.559,0.038,0,2,CD36
0,2.1102183328771402,0.763,0.244,0,2,ANXA5
0,2.2469091415869085,0.711,0.192,0,2,CTSZ
0,1.9664007049305523,0.983,0.468,0,2,COTL1
0,2.9381712277208867,0.646,0.133,0,2,PGD
0,3.564526789896912,0.577,0.065,0,2,TGFBI
0,3.676454410321582,0.572,0.065,0,2,TNFSF13B
0,3.920832496232015,0.559,0.053,0,2,LRP1
0,2.008679289180978,0.8,0.295,0,2,CEBPB
0,1.187144524312965,0.877,0.374,0,2,HLA-DRB1
0,1.878980958718412,0.715,0.213,0,2,FGR
0,2.5157974898182056,0.687,0.187,0,2,CRTAP
0,3.028178246787483,0.595,0.096,0,2,ATF3
0,2.739954860268149,0.608,0.112,0,2,FGL2
0,2.808906650907889,0.607,0.112,0,2,STX11
0,2.4698362441270243,0.956,0.461,0,2,TSPO
0,4.3753387160330455,0.527,0.033,0,2,TREM1
0,3.0258768975549057,0.557,0.065,0,2,LILRA5
0,1.9561626547388196,0.734,0.243,0,2,ASAH1
0,3.986973887084365,0.533,0.046,0,2,NLRP3
0,3.929622580161741,0.528,0.045,0,2,TMEM176B
0,2.3791761723440237,0.668,0.185,0,2,CTSB
0,3.34174420727876,0.546,0.064,0,2,ZNF385A
0,2.314342056222028,0.555,0.074,0,2,LILRB2
0,5.089746375925072,0.506,0.026,0,2,AC020656.1
0,4.40141327433456,0.513,0.035,0,2,CDA
0,3.427661839868941,0.536,0.059,0,2,SLC7A7
0,2.936757045601936,0.544,0.067,0,2,MAFB
0,2.6148861258075833,0.983,0.506,0,2,NEAT1
0,2.9771929004781916,0.56,0.085,0,2,RAB31
0,2.350059590566387,0.759,0.287,0,2,SOD2
0,1.9605864929777113,0.746,0.275,0,2,AP2S1
0,2.6177465630411376,0.589,0.122,0,2,CTSH
0,2.1074359399824982,0.682,0.216,0,2,RHOB
0,3.28315813768925,0.519,0.055,0,2,CPVL
0,5.0211189931497735,0.487,0.024,0,2,RBP7
0,3.3251547026205914,0.527,0.065,0,2,C19orf38
0,3.9655099422697937,0.513,0.053,0,2,IER3
0,3.371371107076123,0.527,0.067,0,2,TIMP2
0,2.9344565181647866,0.556,0.098,0,2,JAML
0,1.931038146120187,0.781,0.324,0,2,ATP6V0B
0,2.639185551354814,0.535,0.078,0,2,HCK
0,2.0812365035504703,0.656,0.202,0,2,NINJ1
0,3.523622658335945,0.508,0.054,0,2,IGSF6
0,2.2890263660779486,0.638,0.187,0,2,RILPL2
0,2.3438189895614054,0.591,0.142,0,2,IFNGR2
0,2.8293113826887315,0.513,0.065,0,2,PILRA
0,4.591952919698033,0.481,0.035,0,2,PLBD1
0,1.2660184729745587,0.684,0.239,0,2,LYN
0,1.4951395098634415,0.713,0.271,0,2,TIMP1
0,2.123168109095663,0.63,0.189,0,2,GLUL
0,2.3657549248660854,0.594,0.155,0,2,BCL2A1
0,1.399330486253561,0.771,0.335,0,2,PLEK
0,1.8451554923372324,0.775,0.34,0,2,TRAPPC5
0,1.7910941242470932,0.717,0.283,0,2,H2AFY
0,3.014418093468125,0.493,0.06,0,2,RAB32
0,3.1126189306379857,0.504,0.071,0,2,MPEG1
0,3.627989551543619,0.484,0.052,0,2,PRAM1
0,2.5473912231175233,0.563,0.131,0,2,SGK1
0,1.9716525444541722,0.957,0.525,0,2,GSTP1
0,4.245782306187258,0.462,0.034,0,2,HBEGF
0,1.5970726806938624,0.819,0.391,0,2,VSIR
0,2.6192095832695617,0.523,0.096,0,2,MARCKS
0,2.1560425215150345,0.604,0.177,0,2,AGTRAP
0,2.9818920721587094,0.5,0.074,0,2,LY86
0,1.5632889837368837,0.617,0.193,0,2,CD83
0,3.653435261150172,0.476,0.052,0,2,DMXL2
0,2.1218651165802602,0.575,0.157,0,2,YBX3
0,2.101451265845479,0.985,0.568,0,2,PSAP
0,2.3284166769561683,0.99,0.574,0,2,SAT1
0,1.4919123128600495,0.756,0.341,0,2,ANXA2
0,1.611475050983935,0.674,0.262,0,2,C1orf162
0,2.1731408393126608,0.588,0.178,0,2,NUP214
0,2.872280123084893,0.486,0.079,0,2,EMILIN2
0,1.7068012558598848,0.707,0.302,0,2,PGLS
0,4.5805815513909325,0.427,0.024,0,2,ASGR1
0,4.089990954686596,0.434,0.032,0,2,TMEM176A
0,4.176129469005115,0.439,0.037,0,2,KCTD12
0,1.5580652771334913,0.601,0.2,0,2,HLA-DMA
0,1.9557900718734151,0.588,0.189,0,2,GRINA
0,2.1436002485739287,0.523,0.126,0,2,SYK
0,2.0008944458447306,0.616,0.22,0,2,LTA4H
0,1.7079304915325668,0.75,0.356,0,2,SERPINB1
0,2.113254657847799,0.55,0.16,0,2,C4orf48
0,1.5615317478638495,0.694,0.304,0,2,FKBP1A
0,2.0765955858048537,0.533,0.146,0,2,LGALS9
0,1.7059329335191697,0.732,0.346,0,2,NFKBIZ
0,3.0706643291642113,0.457,0.073,0,2,ODF3B
0,2.5555822455857533,0.489,0.107,0,2,OGFRL1
0,1.4085339988806667,0.803,0.422,0,2,GNG5
0,1.4012746540231804,0.774,0.394,0,2,ALDOA
0,2.256494393847646,0.518,0.139,0,2,KLF10
0,1.500448796549287,0.77,0.392,0,2,PRELID1
0,2.824142587117763,0.467,0.089,0,2,DUSP6
0,1.5822436633047434,0.689,0.312,0,2,CNPY3
0,2.189507982045958,0.558,0.184,0,2,AC007952.4
0,1.4445612106269978,0.86,0.486,0,2,RAC1
0,3.8105259503163165,0.414,0.04,0,2,ZNF467
0,1.4219933348093168,0.779,0.405,0,2,CTSD
0,3.5664263959757743,0.419,0.045,0,2,CLEC12A
0,1.347870344510599,0.66,0.287,0,2,MYO1F
0,1.9722345298089177,0.526,0.153,0,2,NR4A1
0,3.5151923672827303,0.419,0.047,0,2,FCGR2A
0,3.5460210425809433,0.415,0.043,0,2,CD300E
0,4.76018191365647,0.396,0.025,0,2,RETN
0,1.1666857835975533,0.686,0.316,0,2,TNFRSF1B
0,1.8030203870756825,0.544,0.174,0,2,THEMIS2
0,1.7476930744945083,0.565,0.197,0,2,PLEKHO1
0,1.8547771483516788,0.566,0.198,0,2,ATP6V0D1
0,1.5955112615441138,0.642,0.276,0,2,SDCBP
0,1.408407476846793,0.757,0.391,0,2,ARRB2
0,2.1416740500915847,0.511,0.148,0,2,RAB11FIP1
0,3.2727832656571456,0.424,0.063,0,2,GCA
0,0.9143658133277037,0.648,0.289,0,2,HLA-DRB5
0,1.8173559708856755,0.554,0.196,0,2,GLRX
0,3.571812966161015,0.402,0.044,0,2,PLXDC2
0,1.5524080714044022,0.702,0.344,0,2,ZFAND5
0,1.679340092438794,0.528,0.174,0,2,GSTO1
0,2.786447410350202,0.428,0.074,0,2,CPPED1
0,3.996506284020597,0.386,0.035,0,2,CLEC4A
0,3.198058677753174,0.41,0.06,0,2,SULT1A1
0,1.8609572350369312,0.55,0.201,0,2,AL133415.1
0,1.5979418048004836,0.571,0.222,0,2,CARD16
0,3.0412727464300837,0.409,0.06,0,2,GAS7
0,1.6959348773663585,0.568,0.22,0,2,QKI
0,1.275732941977001,0.804,0.457,0,2,ZYX
0,3.0807061332322863,0.416,0.07,0,2,SCO2
0,1.42492952929301,0.682,0.338,0,2,ATP6V1F
0,1.5824412485829913,0.646,0.302,0,2,HIF1A
0,2.2170701076224866,0.441,0.097,0,2,EGR1
0,3.5340194805558176,0.382,0.041,0,2,NAIP
0,1.1949884085424196,0.746,0.407,0,2,MYADM
0,1.5037786777398008,0.587,0.248,0,2,BNIP3L
0,2.8449919627081504,0.41,0.072,0,2,CREG1
0,2.7896906942365733,0.398,0.062,0,2,LMO2
0,1.6868012066225908,0.492,0.157,0,2,BID
0,0.7457350293606124,0.568,0.235,0,2,HLA-DQB1
0,2.1535723506959457,0.429,0.096,0,2,TBXAS1
0,1.8671507028898375,0.515,0.183,0,2,PPT1
0,3.8288040135827517,0.368,0.036,0,2,TMEM170B
0,1.2294248043644238,0.682,0.351,0,2,PLP2
0,1.2933206846490672,0.837,0.506,0,2,LAMTOR4
0,3.391153362861232,0.377,0.047,0,2,TNFSF13
0,0.7673814269501251,0.694,0.364,0,2,ZEB2
0,2.6004686456494968,0.416,0.086,0,2,EIF4EBP1
0,2.802090409982435,0.394,0.065,0,2,RXRA
0,1.3484737154436042,0.724,0.395,0,2,EVI2B
0,2.0730211172127766,0.454,0.126,0,2,SNX10
0,1.1592491739922322,0.743,0.419,0,2,IFITM3
0,1.7936336641946973,0.502,0.178,0,2,ADA2
0,2.3247289508497584,0.432,0.109,0,2,UBE2D1
0,1.2786176981785284,0.676,0.356,0,2,LAMTOR1
0,1.6725237059047875,0.386,0.066,0,2,MS4A7
0,2.2845672478588024,0.425,0.107,0,2,MXD1
0,3.191740867019446,0.361,0.043,0,2,HK3
0,1.2671831291579694,0.548,0.233,0,2,LYST
0,1.2466380936212587,0.654,0.339,0,2,SEC11A
0,2.2353154248377507,0.42,0.106,0,2,BLVRA
0,1.6212718861789932,0.491,0.177,0,2,CASP1
0,2.5123851278007083,0.384,0.07,0,2,RASSF4
0,1.9520676462519329,0.455,0.142,0,2,IL17RA
0,1.493453409836037,0.54,0.228,0,2,NOP10
0,3.750965772328398,0.348,0.037,0,2,LINC00877
0,1.780612361445878,0.565,0.255,0,2,CHMP1B
0,1.1182570050808152,0.741,0.432,0,2,RHOG
0,1.6185244463682427,0.495,0.188,0,2,BCL3
0,2.6316221036134735,0.394,0.089,0,2,CCL3
0,2.001315035284103,0.425,0.12,0,2,UBXN11
0,2.2238510374519844,0.409,0.105,0,2,AMPD2
0,2.4772514337010025,0.372,0.069,0,2,PHACTR1
0,1.121545029255331,0.724,0.421,0,2,GRB2
0,1.1251901338975019,0.518,0.216,0,2,METRNL
0,3.3078882491981365,0.345,0.043,0,2,LILRA2
0,3.7211076156424228,0.332,0.031,0,2,SMARCD3
0,3.848018928427552,0.332,0.031,0,2,ANPEP
0,2.141181288270159,0.987,0.686,0,2,GABARAP
0,1.0598083258963715,0.47,0.169,0,2,PECAM1
0,2.4287332564781137,0.388,0.088,0,2,PLSCR1
0,2.3439159191109216,0.399,0.099,0,2,MEGF9
0,2.393135598614133,0.376,0.076,0,2,ALOX5
0,4.891215632131962,0.314,0.014,0,2,MGST1
0,3.5040080989850932,0.338,0.039,0,2,IRAK3
0,1.4777221314533713,0.494,0.195,0,2,GLIPR2
0,3.5089509041158733,0.339,0.042,0,2,TRIB1
0,3.8622734690965417,0.329,0.032,0,2,CD33
0,1.1826745977171365,0.795,0.499,0,2,PKM
0,3.494975004358078,0.326,0.031,0,2,PYGL
0,0.9999010572727433,0.711,0.416,0,2,ARPC5
0,1.6198286888747924,0.473,0.178,0,2,PICALM
0,1.4638818001707161,0.469,0.174,0,2,POU2F2
0,2.6439203343580213,0.365,0.07,0,2,NCF4
0,0.9832160906222471,0.882,0.589,0,2,CLIC1
0,3.590338483990565,0.328,0.035,0,2,THBS1
0,1.6676023719593507,0.458,0.165,0,2,SAT2
0,1.4662880189931542,0.499,0.208,0,2,EHBP1L1
0,1.018136288779694,0.647,0.356,0,2,CSTB
0,1.526698578280976,0.421,0.13,0,2,WARS
0,1.0615124821930522,0.75,0.46,0,2,GNB2
0,3.2364619548423583,0.324,0.035,0,2,APOBEC3A
0,4.625979280280763,0.307,0.018,0,2,BST1
0,3.465112184266445,0.329,0.041,0,2,LRRK2
0,2.3428349614049644,0.385,0.098,0,2,PPIF
0,1.1267878856856766,0.642,0.355,0,2,ATP5MPL
0,3.5228872017004766,0.323,0.036,0,2,LILRB3
0,1.3708675997659505,0.5,0.214,0,2,MGAT1
0,1.0948383194858438,0.707,0.421,0,2,VAMP8
0,1.6565188632871997,0.466,0.181,0,2,CDC42EP3
0,0.7901023425479634,0.642,0.358,0,2,CD63
0,1.7475786950032934,0.431,0.147,0,2,C20orf27
0,1.0956910623846499,0.797,0.513,0,2,GPX4
0,1.6513883252335484,0.453,0.169,0,2,COMT
0,2.732745690698842,0.346,0.062,0,2,SLC43A2
0,2.3075726740864835,0.372,0.089,0,2,RASSF2
0,4.4687066384945835,0.303,0.02,0,2,EREG
0,0.4534383180821595,0.721,0.438,0,2,HLA-DPA1
0,1.174372635966758,0.624,0.341,0,2,TMEM219
0,1.58838507549493,0.471,0.188,0,2,KDM6B
0,3.360515868170389,0.325,0.043,0,2,ACSL1
0,1.3160932824156508,0.934,0.652,0,2,ARPC1B
0,1.9317179764213463,0.976,0.694,0,2,FOSB
0,2.7917034999952324,0.343,0.061,0,2,ETS2
0,2.943078807545598,0.331,0.05,0,2,PLXNB2
0,4.336444250066894,0.3,0.019,0,2,CD93
0,1.8741966425785195,0.353,0.072,0,2,HMOX1
0,1.0546149232496556,0.841,0.56,0,2,ELOB
0,1.1636895605618582,0.868,0.588,0,2,ATP6V0C
0,3.1274843772285297,0.342,0.062,0,2,CCL3L1
0,1.6295711216117468,0.438,0.158,0,2,BACH1
0,1.0712837216754023,0.875,0.597,0,2,ANXA1
0,2.1802960640459466,0.384,0.106,0,2,PFKFB3
0,1.3470836375992348,0.537,0.259,0,2,METTL9
0,2.7666924244567106,0.334,0.056,0,2,SULF2
0,1.5320088617794982,0.941,0.663,0,2,RNASEK
0,1.3978467174438154,0.492,0.215,0,2,MAN2B1
0,4.362667978993668,0.299,0.022,0,2,PTGS2
0,1.3014211604215842,0.522,0.246,0,2,CKLF
0,2.7588357058724475,0.329,0.053,0,2,SECTM1
0,1.584047995293205,0.388,0.113,0,2,HLA-DMB
0,1.065055855339809,0.556,0.281,0,2,TXN
0,3.2518084866641823,0.316,0.041,0,2,JDP2
0,0.9407114598935817,0.579,0.304,0,2,VASP
0,1.5879512308988208,0.442,0.168,0,2,RTN3
0,2.0305512898649627,0.381,0.108,0,2,CHP1
0,1.6334243643928374,0.413,0.14,0,2,HSBP1
0,4.36329996910301,0.289,0.016,0,2,FCAR
0,1.2839312648893464,0.909,0.637,0,2,MCL1
0,1.0286303651834023,0.526,0.254,0,2,NCOA4
0,0.957528011954693,0.815,0.543,0,2,COX8A
0,2.7727065315851602,0.326,0.055,0,2,RNF144B
0,2.5851423396360773,0.346,0.075,0,2,MID1IP1
0,1.1753026393844985,0.568,0.298,0,2,SOCS3
0,1.7168211579034156,0.41,0.14,0,2,TOM1
0,1.1013692309012308,0.56,0.291,0,2,RNH1
0,1.638497377370493,0.378,0.109,0,2,ITGAX
0,1.0933697271448615,0.878,0.61,0,2,SERP1
0,1.0221411672653993,0.647,0.38,0,2,PSMB3
0,1.7278908220575637,0.967,0.701,0,2,S100A10
0,2.4438914905668927,0.336,0.07,0,2,CCDC88A
0,1.4391968821206313,0.459,0.193,0,2,FBXL5
0,1.5459459260040629,0.424,0.158,0,2,ARHGAP26
0,1.1927152005167891,0.52,0.254,0,2,CLTA
0,5.616389257919463,0.273,0.007,0,2,CLEC4E
0,1.029138444402186,0.576,0.31,0,2,GLIPR1
0,1.9561982635438597,0.368,0.103,0,2,NFIL3
0,2.7300203235051606,0.316,0.051,0,2,AC090559.1
0,1.7214825494963515,0.407,0.142,0,2,ETV6
0,1.9571024131598012,0.329,0.064,0,2,LRRC25
0,1.01325108124602,0.632,0.368,0,2,BLOC1S1
0,4.2797378188241,0.285,0.021,0,2,HNMT
0,1.279423069426366,0.482,0.219,0,2,HACD4
0,3.4442310276714703,0.3,0.037,0,2,IMPA2
0,1.4688141090340472,0.382,0.12,0,2,ITGAM
0,0.896170507074485,0.725,0.463,0,2,SAMHD1
0,1.5357233955789615,0.404,0.143,0,2,SH3BP2
0,1.21075406865297,0.487,0.226,0,2,UPP1
0,1.4316896263957442,0.457,0.196,0,2,SPG21
0,1.5776351149626957,0.383,0.123,0,2,CALHM6
0,0.8404528251303431,0.781,0.521,0,2,TPI1
0,0.8967922796795791,0.553,0.294,0,2,RAB5IF
0,2.769693949533693,0.318,0.06,0,2,ICAM1
0,2.044789062685268,0.355,0.098,0,2,NBPF14
0,2.5248859134542365,0.335,0.078,0,2,OTUD1
0,1.2786233069389152,0.975,0.719,0,2,SRGN
0,3.612542661303938,0.275,0.022,0,2,CXCL2
0,3.8573366138004093,0.281,0.028,0,2,TLR2
0,2.336354380440893,0.329,0.076,0,2,RELT
0,0.9594407029285345,0.537,0.285,0,2,TCIRG1
0,1.5277815765152438,0.333,0.081,0,2,MPP1
0,0.9104142746282928,0.638,0.387,0,2,GDI2
0,2.3611630304502307,0.325,0.074,0,2,LACTB
0,3.9109884029012445,0.276,0.026,0,2,SHTN1
0,1.9017898689175543,0.362,0.112,0,2,PRDX3
0,1.2582813545691964,0.453,0.204,0,2,PARVG
0,5.076012154686719,0.257,0.009,0,2,STAB1
0,1.0972988782482973,0.537,0.29,0,2,HEBP2
0,1.6224662511742192,0.384,0.137,0,2,NOTCH2
0,1.8264970311664461,0.369,0.122,0,2,AHR
0,3.2800373106888148,0.284,0.037,0,2,SIRPB1
0,2.470862851560595,0.314,0.068,0,2,PAK1
0,1.9013722687190229,0.318,0.072,0,2,CXCL16
0,1.3737248711790044,0.416,0.17,0,2,MYD88
0,0.9411457030788526,0.581,0.335,0,2,POLR2L
0,3.4314586530637152,0.281,0.036,0,2,RBM47
0,2.1304741581166997,0.332,0.087,0,2,SLC25A37
0,1.9588659522822565,0.343,0.098,0,2,SCPEP1
0,0.8038768383758002,0.742,0.498,0,2,CAST
0,1.4436315134438162,0.431,0.187,0,2,VMP1
0,0.37608322437987374,0.708,0.464,0,2,HLA-DPB1
0,1.5141431413045061,0.399,0.156,0,2,ATG16L2
0,4.789845503558376,0.254,0.011,0,2,CYP1B1
0,1.7144284379097692,0.374,0.131,0,2,TMEM167A
0,4.329035683822239,0.26,0.017,0,2,SIRPA
0,2.3191584694543526,0.334,0.092,0,2,AC253572.2
0,2.0229987835395686,0.335,0.094,0,2,TMEM205
0,1.7456963767117497,0.361,0.12,0,2,PRKACA
0,1.1361247125864369,0.494,0.253,0,2,PIM3
0,2.4584959520034904,0.299,0.059,0,2,CD86
0,1.8937987800044827,0.349,0.109,0,2,VIM-AS1
0,1.8544704154639038,0.346,0.106,0,2,ZDHHC7
0,1.0601765746005818,0.523,0.284,0,2,UBE2R2
0,0.8266496309613576,0.673,0.434,0,2,WDR83OS
0,2.9818371134674044,0.283,0.045,0,2,MSRB1
0,1.2565427702147258,0.445,0.208,0,2,POLE4
0,0.8233137376218715,0.817,0.58,0,2,COX6B1
0,3.0920320090987055,0.269,0.034,0,2,RNASE6
0,0.915796542300113,0.538,0.304,0,2,ANAPC11
0,1.8570190741173742,0.332,0.098,0,2,PRKCD
0,3.168948211560686,0.276,0.042,0,2,OSM
0,0.8576298739054136,0.619,0.385,0,2,COX5A
0,1.8124266444205386,0.337,0.104,0,2,C15orf39
0,0.9101248267134285,0.553,0.32,0,2,MIDN
0,2.142582491932515,0.314,0.081,0,2,C9orf72
0,1.5364780033114396,0.367,0.134,0,2,ARAP1
0,1.834023850851101,0.34,0.108,0,2,NAGK
0,2.8966694065141163,0.281,0.049,0,2,LY96
0,1.3999073025700017,0.395,0.163,0,2,LAMTOR2
0,1.1795577425540433,0.453,0.221,0,2,PLEC
0,3.072676041600201,0.27,0.039,0,2,HRH2
0,3.5617995719017,0.262,0.031,0,2,LTBR
0,0.798687191488582,0.645,0.415,0,2,BRK1
0,1.5872898529339308,0.341,0.111,0,2,CARD19
0,3.4691580863191667,0.257,0.027,0,2,RAB20
0,1.1586790217885279,0.415,0.185,0,2,SERPINB6
0,1.1998805470369582,0.414,0.184,0,2,CD4
0,1.8074565334475816,0.338,0.109,0,2,PDXK
0,3.6644684179846725,0.255,0.026,0,2,ARHGEF40
0,4.023555937167951,0.251,0.022,0,2,NFAM1
0,0.8802202360936275,0.57,0.341,0,2,ATP5MF
0,1.5549746753633324,0.283,0.055,0,2,SMIM25
0,3.1152916146370817,0.264,0.037,0,2,DOK3
0,1.4247582931251415,0.384,0.158,0,2,GPCPD1
0,1.2003088770283705,0.43,0.205,0,2,ZNF106
0,1.4970939281892015,0.364,0.139,0,2,HEXB
0,1.2887028638552185,0.395,0.171,0,2,RAB24
0,0.862922688540918,0.624,0.4,0,2,GRK2
0,1.5133426268052754,0.363,0.139,0,2,RARA
0,0.9114976018435987,0.802,0.579,0,2,ZFP36L1
0,1.7717704588587866,0.335,0.112,0,2,TLE3
0,0.866370775433511,0.534,0.311,0,2,CHCHD10
0,1.4383694910428177,0.367,0.144,0,2,IMPDH1
0,3.5786716278650728,0.252,0.029,0,2,RASGRP4
0,0.8086302817688487,0.806,0.584,0,2,COX5B
0,1.2875805143847574,0.404,0.182,0,2,STX10
0,1.0161590768251543,0.9,0.678,0,2,GNAI2
0,2.4712304649250023,0.28,0.059,0,2,CKAP4
0,3.3193847251792694,0.255,0.034,0,2,SMCO4
0,1.6909995230909347,0.318,0.097,0,2,TESC
0,1.0077506853483007,0.474,0.254,0,2,STMP1
0,0.7889745980933368,0.689,0.469,0,2,NDUFA11
0,0.8706687317052353,0.556,0.337,0,2,ACAP2
0,1.5681580511342812,0.333,0.115,0,2,HOTAIRM1
0,2.9441149216443607,0.258,0.04,0,2,SLC8A1
0,1.120436795936782,0.419,0.201,0,2,ATG3
0,0.9302210225116849,0.481,0.263,0,2,SUPT4H1
0,1.3538683419591475,0.356,0.139,0,2,MAPKAPK3
0,1.5511565226607023,0.366,0.151,0,2,RRP12
0,0.7388224492793423,0.784,0.57,0,2,UQCR11
0,0.9224930308684531,0.46,0.246,0,2,RGS19
0,1.8150910897659134,0.312,0.098,0,2,TTC7A
0,1.6019447718680149,0.997,0.783,0,2,S100A4
0,1.897976865385541,0.288,0.074,0,2,MARCH1
0,2.3480148966260237,0.274,0.061,0,2,NUDT16
0,1.6148127240798718,0.33,0.117,0,2,TET2
0,2.0335106012924005,0.279,0.066,0,2,FBP1
0,1.276844935971935,0.378,0.165,0,2,SRA1
0,1.9796118721906057,0.298,0.085,0,2,DENND5A
0,2.663211204449479,0.256,0.044,0,2,FES
0,1.2181517142111384,0.351,0.139,0,2,CMIP
0,2.2156432812773135,0.276,0.065,0,2,BCL6
0,2.5297312502371403,0.267,0.056,0,2,KIAA0930
0,1.7299590740739677,0.307,0.097,0,2,UNC93B1
0,1.0715779448515985,0.426,0.216,0,2,GABARAPL1
0,0.7203399170844027,0.725,0.515,0,2,ENO1
0,0.8134265266651997,0.834,0.624,0,2,NME2
0,0.8194385245424225,0.485,0.276,0,2,CMTM6
0,0.5525591999961799,0.555,0.347,0,2,PTPN6
0,1.3587634547583793,0.359,0.151,0,2,MAP3K3
0,1.0453290519604588,0.442,0.235,0,2,HSD17B11
0,0.7126643181570116,0.735,0.528,0,2,UQCRH
0,1.476541577137612,0.334,0.128,0,2,ATOX1
0,2.0571268879637827,0.285,0.079,0,2,MBOAT7
0,1.31770740189544,0.343,0.138,0,2,PTTG1IP
0,1.8041445890522845,0.3,0.095,0,2,ATP6V1B2
0,0.7402706094144811,0.75,0.545,0,2,SLC25A5
0,0.7484075730104907,0.496,0.292,0,2,RIN3
0,0.8543822604563336,0.489,0.285,0,2,PER1
0,1.1622160189457729,0.256,0.053,0,2,F13A1
0,0.7489951728707972,0.648,0.445,0,2,ARF5
0,0.7213100349584028,0.632,0.429,0,2,SH3BGRL
0,2.1176707552113174,0.273,0.07,0,2,HEBP1
0,0.966490292314022,0.436,0.233,0,2,RNF181
0,0.7642175728104573,0.463,0.261,0,2,FOSL2
0,0.7018265135145574,0.789,0.588,0,2,HIGD2A
0,1.049949524709035,0.4,0.199,0,2,TPP1
0,0.8094915998795545,0.506,0.305,0,2,MYO9B
0,0.6238435455579016,0.633,0.432,0,2,CAPNS1
0,1.063246896751692,0.411,0.21,0,2,CHMP2A
0,0.5983258193023042,0.996,0.796,0,2,CD74
0,0.7098883309277303,0.571,0.371,0,2,PGAM1
0,0.9417588612310601,0.446,0.247,0,2,UQCRC1
0,1.501752718784417,0.255,0.056,0,2,CSF1R
0,0.8592855009081106,0.517,0.318,0,2,TMBIM4
0,0.9228154171151857,0.455,0.256,0,2,KDELR1
0,2.336775949313267,0.999,0.8,0,2,S100A6
0,1.863386204752559,0.277,0.079,0,2,FAM49A
0,1.5091255581336958,0.317,0.119,0,2,RIPK2
0,0.9357093286464568,0.359,0.161,0,2,CUX1
0,0.5176594879721765,0.898,0.702,0,2,ITGB2
0,1.8762602465354585,0.276,0.08,0,2,CTNNA1
0,1.0210084319169355,0.416,0.22,0,2,OGFR
0,1.0582166340677759,0.946,0.75,0,2,ARPC3
0,2.0061781510760084,0.269,0.074,0,2,DENND1A
0,2.0916997871554144,0.264,0.069,0,2,GAA
0,0.5084587795265504,0.456,0.262,0,2,TPM4
0,0.6265258207429036,0.736,0.542,0,2,LRRFIP1
0,1.0172217552171274,0.397,0.204,0,2,NAA38
0,1.616774568128394,0.304,0.111,0,2,NADK
0,0.8905175153118832,0.444,0.251,0,2,TWF2
0,1.5366797492061657,0.311,0.118,0,2,GNG10
0,0.8083923790042826,0.488,0.295,0,2,NDUFS7
0,1.4479582065696537,0.31,0.118,0,2,ZMIZ1
0,0.8453930020963765,0.625,0.434,0,2,ID2
0,1.4320971972552432,0.309,0.118,0,2,GNAQ
0,0.926083577586487,0.411,0.22,0,2,CAPZA2
0,2.1465824541735024,0.265,0.075,0,2,ABHD5
0,0.8365228964110902,0.454,0.264,0,2,ENY2
0,0.595441683160041,0.479,0.289,0,2,FERMT3
0,0.5759695026099605,0.6,0.41,0,2,IL10RA
0,1.3749864815165576,0.317,0.128,0,2,RNPEP
0,0.8808300112353498,0.385,0.196,0,2,IFNGR1
0,0.5971051408517152,0.378,0.189,0,2,AOAH
0,1.5111071281726638,0.3,0.111,0,2,SH2B3
0,0.7427939690440364,0.586,0.397,0,2,CDV3
0,0.7467023127269128,0.528,0.34,0,2,HADHA
0,0.8234244035472316,0.511,0.323,0,2,RNF149
0,1.2996000862477806,0.311,0.123,0,2,MFSD1
0,1.4994942985285238,0.294,0.106,0,2,EVI2A
0,1.6993627821326949,0.307,0.12,0,2,TMEM107
0,1.412664455247147,0.987,0.8,0,2,OAZ1
0,1.0239548538724113,0.424,0.238,0,2,BEST1
0,1.3529577434651063,0.316,0.13,0,2,SQOR
0,0.7499529400646097,0.493,0.307,0,2,ALKBH7
0,1.362527759358088,0.283,0.097,0,2,LAT2
0,0.5756963958387239,0.587,0.401,0,2,SNX3
0,0.6915904037087843,0.538,0.353,0,2,ATP5PD
0,0.9728031873343235,0.385,0.2,0,2,DPYD
0,1.4781374328718924,0.297,0.113,0,2,DHRS4
0,1.3587828015118268,0.309,0.125,0,2,NUMB
0,1.7575907149031538,0.268,0.084,0,2,PPP1R9B
0,0.8867082961077944,0.43,0.247,0,2,ATP2B1
0,1.8839763577779598,0.25,0.067,0,2,APOBR
0,0.49569891248397546,0.85,0.667,0,2,LCP1
0,0.6364191623712103,0.778,0.596,0,2,CD44
0,1.1426068569999976,0.35,0.168,0,2,AKR1A1
0,0.7326779561170388,0.506,0.325,0,2,AURKAIP1
0,0.7223950916326661,0.487,0.306,0,2,UQCRQ
0,0.9574918782707862,0.38,0.199,0,2,TRIM8
0,1.5031448762555881,0.296,0.115,0,2,IRS2
0,1.8036890350889685,0.263,0.082,0,2,PLIN3
0,0.7324965392241569,0.487,0.306,0,2,BST2
0,1.2919185774832085,0.304,0.124,0,2,MANBA
0,1.4954012994175105,0.307,0.128,0,2,LAP3
0,1.4110924874486517,0.948,0.769,0,2,NFKBIA
0,0.611085278295756,0.648,0.47,0,2,CSNK2B
0,0.6279208667953965,0.541,0.363,0,2,COX7B
0,0.46340253357147554,0.646,0.468,0,2,SEC61B
0,1.0520086531060635,0.283,0.106,0,2,MEF2C
0,0.6020170470725116,0.592,0.415,0,2,COPE
0,1.0540848480197362,0.359,0.182,0,2,PLD3
0,0.3395093661586521,0.661,0.485,0,2,TLN1
0,1.2834932926624414,0.31,0.134,0,2,TMEM14C
0,1.3233417684984097,0.3,0.124,0,2,TXNDC17
0,1.74168187003088,0.258,0.082,0,2,TSEN34
0,0.4139809850029321,0.648,0.473,0,2,RNASET2
0,0.9959864640713367,0.357,0.182,0,2,PTRHD1
0,0.780162121201279,0.45,0.275,0,2,AKIRIN2
0,1.8686131948093838,0.254,0.079,0,2,NAPRT
0,1.0756449428052761,0.344,0.169,0,2,EIF4E2
0,0.5397581907317819,0.862,0.688,0,2,AHNAK
0,1.55618873043474,0.265,0.091,0,2,GNS
0,0.8009159041263838,0.418,0.244,0,2,MAP3K1
0,0.7257231306107392,0.474,0.3,0,2,USP3
0,0.6127054906089455,0.554,0.381,0,2,RAB5C
0,1.5098482188773523,0.271,0.098,0,2,VAMP3
0,1.3446300340214912,0.288,0.115,0,2,FAM200B
0,0.7011362506507902,0.474,0.301,0,2,NDUFA2
0,1.1948498314594944,0.31,0.137,0,2,MOB3A
0,0.5663381321918983,0.647,0.475,0,2,MTDH
0,0.8840795498651102,0.862,0.69,0,2,EIF4A1
0,0.5736212061682502,0.544,0.373,0,2,PRDX5
0,0.5971893243093704,0.76,0.589,0,2,ATP5F1D
0,1.7744828893786586,0.254,0.083,0,2,TNFSF10
0,0.7533469537299322,0.44,0.269,0,2,ATF4
0,0.45066133430678007,0.448,0.278,0,2,PTPN18
0,0.40691035888604854,0.592,0.423,0,2,MTPN
0,0.9910715870143264,0.345,0.176,0,2,MBD2
0,0.7778487813056028,0.431,0.262,0,2,SHKBP1
0,0.5114748724974612,0.597,0.429,0,2,PSMB10
0,1.170766030045153,0.305,0.138,0,2,PLEKHB2
0,0.5722663555326617,0.577,0.41,0,2,SELENOH
0,0.4565082796700103,0.506,0.339,0,2,SYNGR2
0,0.5840922336807908,0.362,0.195,0,2,CTSA
0,0.6620333041337161,0.854,0.687,0,2,PPP1R15A
0,0.8228628126397568,0.382,0.216,0,2,SSR3
0,1.416359108461998,0.289,0.123,0,2,TRMT1
0,1.0035980923740402,0.337,0.172,0,2,EPN1
0,0.6911901232383668,0.446,0.281,0,2,REEP5
0,0.6411176625693915,0.481,0.316,0,2,PPP4C
0,1.0940822813654347,0.303,0.138,0,2,SEC14L1
0,0.528140775496942,0.554,0.39,0,2,DEK
0,0.49418615499347496,0.648,0.484,0,2,FMNL1
0,0.5272477488442715,0.675,0.511,0,2,PSMA7
0,0.6097477106397722,0.468,0.305,0,2,PRDX1
0,1.574105770302936,0.254,0.091,0,2,SNX27
0,1.1165502770072444,0.327,0.164,0,2,PPP1R15B
0,1.1059656590331106,0.315,0.152,0,2,NDUFB5
0,0.8660487252863249,0.384,0.221,0,2,PTEN
0,0.5769610230912006,0.617,0.454,0,2,ATP6V0E1
0,1.3818118666420842,0.279,0.117,0,2,CARS2
0,1.258234456658066,0.266,0.105,0,2,ARRB1
0,1.2808429877080794,0.286,0.125,0,2,AGFG1
0,0.632212464901509,0.494,0.333,0,2,MICOS10
0,0.547511676780291,0.556,0.396,0,2,ATP5PB
0,1.2668386413080148,0.278,0.118,0,2,FOXO3
0,1.0781206803984793,0.278,0.118,0,2,SNN
0,0.9762323234252563,0.342,0.182,0,2,FLII
0,0.5442704264143096,0.543,0.383,0,2,UQCR10
0,1.4403294997042089,0.378,0.218,0,2,IFI6
0,1.0657778961161368,0.327,0.167,0,2,PLK3
0,1.4479758056033158,0.252,0.093,0,2,RPS6KA4
0,0.8775859206941597,0.337,0.179,0,2,RAB10
0,1.2983439819496851,0.266,0.108,0,2,SKAP2
0,0.38208821318154057,0.397,0.239,0,2,MAP3K8
0,1.2663701905461857,0.274,0.116,0,2,JOSD2
0,0.8879372015078223,0.398,0.241,0,2,CTNNB1
0,1.2423027104600965,0.275,0.118,0,2,COMMD9
0,0.9671460408316603,0.972,0.815,0,2,ATP5F1E
0,0.8598450945233447,0.904,0.747,0,2,IER2
0,0.723096603011612,0.367,0.21,0,2,H2AFJ
0,1.029299110538788,0.315,0.158,0,2,SPAG9
0,0.5280934241573617,0.587,0.43,0,2,WAS
0,0.3482299782258911,0.625,0.468,0,2,IQGAP1
0,0.5455425757076418,0.897,0.741,0,2,EMP3
0,0.7240371886996388,0.389,0.233,0,2,NDUFS6
0,0.7552636474804604,0.385,0.229,0,2,CHMP4B
0,0.5055467384521202,0.593,0.437,0,2,SQSTM1
0,0.6538088289907957,0.935,0.78,0,2,KLF6
0,1.2156192960292465,0.275,0.12,0,2,TPD52L2
0,0.8217663808165161,0.366,0.211,0,2,TMEM179B
0,0.7896181200566117,0.371,0.216,0,2,CALCOCO2
0,1.3293769329648393,0.26,0.106,0,2,TMEM127
0,0.5166743923536912,0.548,0.394,0,2,NDUFA1
0,0.8934858696792765,0.324,0.17,0,2,AGTPBP1
0,0.84919478503618,0.344,0.19,0,2,PLCB2
0,0.4914627557097879,0.513,0.36,0,2,TMEM258
0,0.6091442853059557,0.643,0.49,0,2,PSME2
0,0.531694824563113,0.525,0.372,0,2,NDUFB10
0,0.6651170930028076,0.969,0.816,0,2,CYBA
0,0.7317042579783343,0.358,0.205,0,2,RAP2B
0,0.7645970518640581,0.923,0.771,0,2,RHOA
0,0.8181264691561531,0.334,0.182,0,2,PHPT1
0,0.7584483517684248,0.364,0.212,0,2,TMEM256
0,0.6324451471072694,0.418,0.266,0,2,IRF2BP2
0,0.7845765349062075,0.353,0.201,0,2,MAP2K3
0,0.9470005448359309,0.325,0.174,0,2,MTMR14
0,0.46910080800351195,0.675,0.524,0,2,NDUFB11
0,1.797385631753993,0.994,0.843,0,2,VIM
0,0.5621543282196624,0.842,0.691,0,2,GMFG
0,1.0814054553308754,0.295,0.144,0,2,VMA21
0,0.8436136011399391,0.347,0.196,0,2,PDE4B
0,0.680075126568359,0.415,0.264,0,2,DDT
0,0.4804190809515352,0.596,0.446,0,2,SF3B5
0,0.43605392014396005,0.603,0.453,0,2,UBL5
0,1.1836346605689114,0.259,0.11,0,2,DUSP23
0,0.9289042797659718,0.321,0.172,0,2,DNAJC4
0,0.5315988912444214,0.514,0.365,0,2,ATP5F1C
0,0.7177965674988995,0.369,0.22,0,2,ZNHIT1
0,0.8151158386546825,0.356,0.207,0,2,FAM120A
0,0.8785795351907459,0.284,0.135,0,2,PIK3AP1
0,0.574834027368686,0.514,0.366,0,2,PNPLA2
0,0.5805056654169769,0.378,0.23,0,2,SNX2
0,0.6606227359106606,0.419,0.271,0,2,XRN2
0,0.8579297336784333,0.327,0.18,0,2,NCOR2
0,0.90301565135536,0.325,0.178,0,2,CIAO2A
0,1.2222130046224775,0.253,0.107,0,2,ELF4
0,1.0056150898530782,0.289,0.143,0,2,NBEAL2
0,0.870284502284082,0.306,0.16,0,2,JARID2
0,0.5279216978345243,0.522,0.377,0,2,PAK2
0,0.8974666885593183,0.303,0.158,0,2,SCNM1
0,0.44040002156913505,0.668,0.524,0,2,TAF10
0,0.6455210924985157,0.407,0.263,0,2,ARL4A
0,0.4604565197903856,0.55,0.407,0,2,EIF3M
0,0.8837567742174619,0.305,0.162,0,2,ARF3
0,0.45199404404115207,0.596,0.453,0,2,SRSF9
0,1.2098554545093334,0.25,0.108,0,2,PRKAG2
0,0.5906377447963028,0.433,0.291,0,2,DOCK8
0,0.7595680606398991,0.341,0.199,0,2,YWHAE
0,0.9765425145863147,0.287,0.145,0,2,HDLBP
0,1.242372175473427,0.252,0.111,0,2,ZNF524
0,0.7264992915665276,0.351,0.21,0,2,NAAA
0,0.8969346622621845,0.307,0.166,0,2,CCDC88B
0,0.4366098295264189,0.652,0.512,0,2,ATP5MC3
0,0.8434498348536277,0.313,0.173,0,2,CAT
0,0.9329747186021617,0.291,0.151,0,2,ETHE1
0,0.9274418023759211,0.291,0.152,0,2,CHCHD5
0,0.6871642561637177,0.346,0.207,0,2,PSTPIP1
0,0.536456556170042,0.475,0.336,0,2,ANP32A
0,0.4901716148090052,0.728,0.59,0,2,STK17B
0,1.038904720007004,0.272,0.134,0,2,MAP3K11
0,1.049154359360286,0.269,0.131,0,2,TIMM13
0,0.776953771419999,0.301,0.163,0,2,PRKAR1A
0,0.7656946460507404,0.374,0.237,0,2,VAMP5
0,0.8007941989471838,0.322,0.186,0,2,MED13L
0,0.7426234468282761,0.309,0.173,0,2,IFI27L2
0,0.910583879852795,0.988,0.852,0,2,ZFP36
0,0.5905788322600164,0.393,0.258,0,2,MRPS24
0,0.6040095227598146,0.908,0.774,0,2,LSP1
0,0.6980684750026875,0.265,0.131,0,2,APP
0,0.5399015040457409,0.764,0.631,0,2,CALM2
0,0.6073229862118324,0.372,0.239,0,2,HM13
0,0.6221481124870668,0.399,0.267,0,2,CCNY
0,1.010604571148268,0.256,0.124,0,2,HCFC1R1
0,0.5691542030098513,0.425,0.293,0,2,CTDNEP1
0,0.5840816526771101,0.392,0.261,0,2,OS9
0,0.9131632322392986,0.283,0.152,0,2,HIPK3
0,0.5595033442276162,0.339,0.209,0,2,RELB
0,0.5588203735965626,0.378,0.248,0,2,COPS9
0,0.727323672443409,0.321,0.191,0,2,ETF1
0,0.3955239049465826,0.724,0.594,0,2,PCBP2
0,0.7470292052007194,0.317,0.187,0,2,SNF8
0,0.6791134642135224,0.331,0.201,0,2,JPT1
0,0.5620027140768535,0.369,0.24,0,2,CCDC69
0,0.9740307915542392,0.259,0.131,0,2,SAMSN1
0,0.7776002014838127,0.299,0.171,0,2,LSM10
0,0.6697367228286368,0.338,0.211,0,2,IDH3G
0,0.6660301162368465,0.334,0.207,0,2,NDUFA7
0,0.5547361331477165,0.906,0.779,0,2,ATP5MG
0,0.5890905130357735,0.354,0.227,0,2,CASP4
0,0.8286341768588437,0.296,0.17,0,2,ADPGK
0,0.9557967584097458,0.261,0.136,0,2,HADHB
0,0.7309137088391879,0.913,0.788,0,2,SLC25A6
0,0.9143104188018825,0.257,0.133,0,2,SMS
0,0.7929499362282264,0.262,0.138,0,2,IRF7
0,0.612728339079694,0.329,0.206,0,2,ADIPOR1
0,0.7922936819179704,0.279,0.156,0,2,GRHPR
0,0.6365653897584719,0.335,0.212,0,2,STAT6
0,0.6637113787401966,0.315,0.192,0,2,ARL8B
0,0.6285203087931501,0.346,0.223,0,2,DNAJC15
0,0.60936352334835,0.33,0.208,0,2,HDGF
0,0.5962600779837137,0.301,0.179,0,2,G6PD
0,0.6793206244739619,0.308,0.186,0,2,GLTP
0,0.6527642185046981,0.323,0.201,0,2,PSMA4
0,0.34867450415181933,0.815,0.693,0,2,YWHAB
0,0.7902020148784903,0.957,0.837,0,2,ATP5MC2
0,0.6195808439400222,0.315,0.195,0,2,GNPTG
0,0.6613814267844746,0.318,0.199,0,2,PSMB4
0,0.719989913431438,0.29,0.171,0,2,UBR4
0,0.7384347676879964,0.287,0.168,0,2,CNIH1
0,0.6682985488330171,0.307,0.189,0,2,TMEM147
0,0.6677534959590441,0.301,0.184,0,2,NUDT3
0,0.7247669185238843,0.277,0.162,0,2,SERTAD2
0,0.7530776461851593,0.274,0.159,0,2,TUBGCP2
0,0.585123029262038,0.25,0.135,0,2,PTPN12
0,0.7629547500592735,0.265,0.151,0,2,RNF13
0,0.7725700348472566,0.271,0.157,0,2,PGP
0,0.8046521793896556,0.251,0.138,0,2,RCOR1
0,0.7216405447496146,0.271,0.16,0,2,TIMM17B
0,0.5989104239288654,0.968,0.857,0,2,MYL6
0,0.7335683482848272,0.274,0.164,0,2,PCBP1-AS1
0,0.8087481880986234,0.251,0.142,0,2,LRRFIP2
0,0.7912393805267353,0.25,0.141,0,2,NXF1
0,0.8055657652905002,0.25,0.141,0,2,ANAPC15
0,0.7403591185128097,0.254,0.145,0,2,TPGS1
0,0.7404780513258864,0.266,0.158,0,2,MAP2K1
0,0.6857952385115538,0.258,0.152,0,2,ESD
0,1.4597748794986787,0.991,0.885,0,2,GAPDH
0,0.7821062256343566,0.255,0.15,0,2,PKN2
0,0.6957530559792511,0.258,0.153,0,2,HK1
0,0.7255987532911695,0.261,0.156,0,2,GRASP
0,1.2094835489809408,0.99,0.887,0,2,H3F3A
0,0.3346655329229944,0.88,0.778,0,2,TPM3
0,0.44060985368698047,0.875,0.773,0,2,EIF3K
0,0.6028959073183779,0.951,0.852,0,2,LAPTM5
0,0.29973135413793495,0.955,0.86,0,2,JUND
0,0.8556584193299761,0.987,0.902,0,2,SERF2
0,0.3699387682548192,0.844,0.763,0,2,PCBP1
0,0.36936691810972944,0.882,0.804,0,2,YBX1
0,0.8849079015057031,0.995,0.92,0,2,SH3BGRL3
0,0.2827314529106819,0.84,0.766,0,2,TAGLN2
0,0.3283172130672094,0.92,0.868,0,2,ITM2B
0,0.5586502074188138,0.975,0.923,0,2,COX4I1
0,0.5917121318756897,0.982,0.933,0,2,PFDN5
0,0.3357756962735783,0.962,0.915,0,2,MT-ND2
0,0.5095664821268953,0.974,0.929,0,2,MT-ND4
0,0.8310696287157597,1,0.958,0,2,FOS
0,0.5286325104979532,0.997,0.958,0,2,DUSP1
0,0.6103690082251019,0.986,0.949,0,2,MT-ND1
0,2.285840862050584,1,0.972,0,2,FTL
0,1.9954797082662976,1,0.984,0,2,FTH1
0,0.2854045282701625,0.992,0.977,0,2,RPS9
0,0.5179251844960762,0.998,0.987,0,2,RPS24
0,0.6316309825278559,1,0.992,0,2,TMSB10
0,0.4602596342154692,1,0.997,0,2,ACTB
2.17e-322,0.6244188860030426,0.349,0.228,8.309473e-318,2,PPP1CB
4.8853e-320,0.6061045880647499,0.313,0.195,1.86736514e-315,2,TNFSF12
1.46797e-319,0.6526598194068784,0.305,0.191,5.6111603e-315,2,ATP1B3
9.1315e-319,0.6268225348838867,0.262,0.155,3.4904317815e-314,2,USF2
9.67736e-319,0.36058575700973733,0.263,0.152,3.699075087e-314,2,ACTN1
2.234833e-317,0.6454723550903714,0.286,0.175,8.54242499887e-313,2,MRPL52
7.24277836e-316,0.5992754472073323,0.318,0.201,2.7684795998176e-311,2,BAG1
2.2784448256404e-311,0.39369079489237213,0.61,0.467,8.709127501527876e-307,2,ACTR2
7.694687442901e-311,0.6049081811857406,0.292,0.181,2.9412173281744206e-306,2,MIS18BP1
2.3141778018226635e-307,0.5879475680689732,0.329,0.212,8.845713229686949e-303,2,ROMO1
2.682938441170685e-307,0.45559249907560906,0.513,0.376,1.0255263897530826e-302,2,RAB7A
2.753903181991535e-307,0.596473010303138,0.302,0.19,1.0526519522844445e-302,2,CLTC
3.8915300313720677e-306,0.5144238716175319,0.462,0.331,1.4874984391916591e-301,2,COX7A2L
4.2285983590998744e-306,0.4694996555263449,0.447,0.311,1.616339436782336e-301,2,RTN4
4.162848115656499e-305,0.4814632832520751,0.458,0.323,1.59120706372854e-300,2,PSMA6
1.3912807893763774e-303,0.43881816967708986,0.513,0.375,5.318031689312265e-299,2,CANX
2.238735216275986e-299,0.6069953641117709,0.277,0.17,8.557341490693328e-295,2,HOOK3
2.498397384230235e-298,0.5894467888212512,0.301,0.19,9.54987416148165e-294,2,NFE2L2
7.707039355522919e-297,0.44727834962703666,0.498,0.363,2.9459387232550806e-292,2,MOB1A
2.613566664761038e-295,0.4658135603350827,0.471,0.337,9.990097219382592e-291,2,PSMB6
1.1311657123608313e-294,0.41292303818791487,0.592,0.458,4.323767818928041e-290,2,SCAND1
2.779403964803892e-294,0.5873696022816082,0.375,0.255,1.0623993715066397e-289,2,UBE2L6
9.666576311155613e-291,0.3790798570041558,0.569,0.426,3.6949521291761216e-286,2,NDUFB2
9.77962737254279e-287,0.43477836133537806,0.471,0.34,3.738164766880756e-282,2,CSRNP1
2.1252123535156035e-286,0.5614402581962701,0.331,0.216,8.123411700078043e-282,2,CMTM3
7.313234390800138e-283,0.5218004809723471,0.366,0.246,2.7954107135394445e-278,2,DOCK2
1.3420373802554844e-282,0.2764646779771347,0.853,0.761,5.129803682288564e-278,2,RPL23
7.717246143519552e-281,0.44258658087237673,0.444,0.313,2.9498401658989135e-276,2,RBX1
3.448409488036468e-278,0.5242811925015992,0.357,0.239,1.3181200427070595e-273,2,NCKAP1L
1.7828775595036847e-276,0.4678799984087294,0.523,0.396,6.814871183446885e-272,2,USP15
2.2163030487737237e-276,0.35933993716121426,0.651,0.527,8.471596773632681e-272,2,SMAP2
6.267492938735965e-269,0.5309506579909283,0.336,0.223,2.395686500902435e-264,2,MGST3
1.211580333683943e-267,0.42536254726472716,0.418,0.292,4.631144667473503e-263,2,RIOK3
9.223813006352392e-267,0.6465434707917057,0.294,0.191,3.5257102835481384e-262,2,LSM6
1.26064313491543e-266,0.4359267970608577,0.503,0.375,4.8186823189007396e-262,2,VAPA
1.636279423819751e-266,0.5530841957080133,0.305,0.199,6.254514469608615e-262,2,VDAC1
2.026940065600096e-266,0.5172618024841452,0.362,0.247,7.747775706749806e-262,2,EIF4EBP2
3.8834845309402066e-266,0.662260945860641,0.393,0.276,1.4844231271065845e-261,2,MT2A
7.865233313877581e-266,0.34833786988076776,0.536,0.402,3.0064067818965664e-261,2,CDKN2D
1.5282190740018617e-265,0.479227811653864,0.362,0.244,5.841464588464716e-261,2,CYC1
2.665921235649111e-265,0.3836960709192151,0.449,0.319,1.0190217331145163e-260,2,PREX1
9.502952236033492e-265,0.5718451614609161,0.267,0.167,3.632408462701442e-260,2,VTI1B
2.144404117865829e-264,0.3179309072057048,0.755,0.632,8.196770300130344e-260,2,COX6A1
1.1600020379979128e-263,0.40912459510817023,0.539,0.407,4.433991790043222e-259,2,NEDD8
5.677755235393482e-263,0.5559566251985057,0.3,0.195,2.1702651611768047e-258,2,ETFB
3.0082480693773473e-262,0.5358779486913595,0.304,0.197,1.1498727420387973e-257,2,ACAA1
4.791375746725497e-257,0.6300302024893409,0.266,0.169,1.831455465428354e-252,2,ARL8A
1.201746667208623e-255,0.5601763110252874,0.286,0.184,4.593556460738241e-251,2,PNKD
6.671577260446842e-254,0.9746193166322454,0.315,0.219,2.550143692033201e-249,2,ISG15
1.176090554249768e-252,0.346271859943023,0.674,0.556,4.495488534564314e-248,2,ERP29
1.0899710068425523e-251,0.4949387013174525,0.328,0.22,4.166305176554972e-247,2,SH3GLB1
1.8182116866274995e-248,0.4965033733772388,0.378,0.264,6.949932350964954e-244,2,TM9SF2
5.172342318975829e-243,0.40642464717683124,0.51,0.385,1.977076128005321e-238,2,POLR1D
3.3484389597114477e-242,0.3762341145689585,0.553,0.426,1.2799073079601037e-237,2,WASF2
8.570470296909668e-239,0.48732827881786406,0.358,0.247,3.2759765662907515e-234,2,CLTB
7.198450687210702e-238,0.595678872198571,0.262,0.168,2.751535790679419e-233,2,CELF1
1.8430187765245166e-237,0.4887511252278549,0.384,0.272,7.044754971387312e-233,2,FAAP20
1.7945762077896816e-234,0.5601054036637035,0.258,0.165,6.8595880966552785e-230,2,HSD17B10
1.6594270183810873e-227,0.40635378249846144,0.48,0.359,6.342993835059868e-223,2,RNF7
1.7985700389875735e-226,0.41087789030820543,0.455,0.338,6.8748541170261e-222,2,OXA1L
2.2328436419016588e-226,0.5788326141983486,0.257,0.166,8.534821536804901e-222,2,CSGALNACT2
3.0805969897216422e-226,0.36357414688050826,0.539,0.416,1.1775273933512004e-221,2,GNB1
1.8313047968765507e-225,0.5505236006476256,0.273,0.179,6.999979455580927e-221,2,FIBP
5.1863644658494805e-224,0.43882993661111375,0.427,0.312,1.9824359534263053e-219,2,ERGIC3
9.10375677486422e-223,0.43129406355218863,0.478,0.362,3.4798199896240995e-218,2,MAP1LC3B
5.275691827166242e-222,0.4784807442921294,0.414,0.304,2.016580444016024e-217,2,ATP6AP2
8.628063065530018e-220,0.37953667820780024,0.546,0.428,3.2979908261681943e-215,2,TOMM6
3.733081492454383e-219,0.46454519771606756,0.349,0.244,1.4269330696757635e-214,2,C1orf43
5.6368510131500526e-219,0.5123716008759287,0.292,0.196,2.154629931266476e-214,2,SDHB
2.7940695420448696e-218,0.29607253968137937,0.536,0.406,1.068005141751231e-213,2,DBI
4.7599101689380675e-217,0.2559745856839748,0.658,0.523,1.8194280629748868e-212,2,CAP1
5.8555763762520406e-217,0.3860325893070392,0.427,0.313,2.23823551405858e-212,2,ACADVL
1.93035498169201e-216,0.33908381018444644,0.656,0.54,7.37858888201954e-212,2,NDUFA13
9.256373146375032e-215,0.5435708713676004,0.253,0.165,3.538156071470392e-210,2,NDUFB3
3.985593154665744e-214,0.4526502839243798,0.308,0.208,1.523453127439434e-209,2,FLOT1
1.2513982390632381e-209,0.4936236750128995,0.306,0.21,4.783344628995321e-205,2,TRIM44
1.5485411511098613e-209,0.4682274055140848,0.295,0.198,5.919143696002334e-205,2,MRPL33
1.4746779028645374e-208,0.5271805649118964,0.31,0.214,5.6368088159094075e-204,2,ANKRD13D
6.7463030401569145e-208,0.5444304985644959,0.253,0.166,2.578706874069579e-203,2,LYPLA1
7.911805303182678e-206,0.27938304553476867,0.419,0.299,3.024208459088547e-201,2,DOK2
3.3886344835508267e-205,0.3918616717804728,0.406,0.297,1.295271644992468e-200,2,DDX21
2.241873232946553e-204,0.4113601518522215,0.39,0.282,8.569336245614904e-200,2,NDUFS8
2.9849694142719924e-203,0.419371923199131,0.391,0.283,1.1409747089113264e-198,2,LAMTOR5
4.703607795419101e-203,0.3759319910250179,0.418,0.305,1.797907043720997e-198,2,MMP24OS
6.510716135540239e-200,0.4111249609574918,0.391,0.284,2.4886561356489008e-195,2,SMIM26
8.921411522367364e-200,0.25738517403020067,0.6,0.472,3.410120340309701e-195,2,TCF25
1.108132495507646e-199,0.4614632575569777,0.355,0.254,4.2357256508284264e-195,2,LAPTM4A
1.1338318277094904e-199,0.5005818998952253,0.289,0.196,4.3339587782367564e-195,2,EIF6
1.531249306345191e-199,0.5139886590611185,0.253,0.167,5.853047348573858e-195,2,NFKB2
6.696244785740162e-199,0.38652721465035444,0.442,0.331,2.5595726069013193e-194,2,BNIP2
1.1305722315334247e-196,0.3967977741403643,0.334,0.236,4.3214992978133625e-192,2,STAT1
1.5722712403342826e-195,0.303860313130077,0.551,0.432,6.009849589053762e-191,2,TRAPPC1
1.490960749899215e-194,0.2699205432739097,0.455,0.333,5.699048370414758e-190,2,PPP1R18
1.0853000899860708e-193,0.42405691632857195,0.393,0.289,4.148451063962757e-189,2,NAPA
1.150079043080576e-193,0.3478538736926626,0.455,0.34,4.3960621342711944e-189,2,POMP
5.634525273757914e-193,0.4669603536641985,0.294,0.202,2.153740940641225e-188,2,CMTM7
1.3304170894382705e-191,0.474415191502439,0.28,0.19,5.085386282668846e-187,2,SEC13
1.5645489839662363e-190,0.46263822072155475,0.317,0.222,5.980332036312541e-186,2,SSR1
1.6318506027977504e-189,0.344732887718624,0.382,0.275,6.237585744134121e-185,2,DYNLT1
1.6808072054819898e-189,0.4430832205643744,0.274,0.185,6.424717462234358e-185,2,FAM50A
2.413368102963252e-189,0.47320117878422924,0.278,0.19,9.224858236766734e-185,2,CHD4
5.439100062406512e-189,0.32800561109753534,0.61,0.498,2.079041607854265e-184,2,NDUFB9
3.76874714973349e-188,0.38586194785251327,0.378,0.274,1.4405659105141292e-183,2,POLR2E
5.575670314076979e-188,0.504152179145287,0.26,0.174,2.1312442208527843e-183,2,HNRNPH2
1.2807033382654818e-187,0.48462335065716006,0.277,0.189,4.895360440185977e-183,2,CTDSP2
1.6070822069126437e-186,0.47135440302499015,0.297,0.206,6.142911027702889e-182,2,PQBP1
4.692502908837705e-183,0.40130043165322216,0.314,0.22,1.7936623118741242e-178,2,ATP5ME
1.7399546781002862e-182,0.2730069646542441,0.722,0.622,6.650802761570534e-178,2,HCLS1
3.205884207863029e-181,0.367052519891492,0.37,0.271,1.2254171796135642e-176,2,DYNLL1
1.01053270347444e-176,0.423775497900864,0.344,0.249,3.862660205760699e-172,2,RBIS
3.369205339328362e-175,0.4415783124038325,0.265,0.181,1.287845048904873e-170,2,ZFP91
7.051755165791378e-173,0.34932766068656923,0.27,0.182,2.695462894572096e-168,2,UNC119
1.5071765325608898e-172,0.44875157254980164,0.259,0.176,5.761031578060745e-168,2,RAB1A
2.053558540210245e-169,0.43194516284912843,0.287,0.201,7.849522164099641e-165,2,EP300
2.922648049389327e-167,0.2783995943474651,0.662,0.556,1.1171529903985763e-162,2,PRR13
3.3321028112124072e-167,0.3320930226225358,0.338,0.242,1.2736629785578306e-162,2,UBE2J1
1.0829505790695804e-166,0.43744876303072755,0.273,0.189,4.1394702934355643e-162,2,AP3S1
1.7311789711191616e-166,0.41768464995523374,0.276,0.191,6.617258499205883e-162,2,MPG
1.181004587345904e-164,0.2695784284854768,0.476,0.363,4.514271934670983e-160,2,NDUFB7
1.0674810794248073e-163,0.39420439559443643,0.354,0.259,4.0803396779933835e-159,2,TMEM160
3.662305923335275e-163,0.3194998906224912,0.515,0.409,1.3998798161356754e-158,2,VPS28
5.7549260825893136e-161,0.3412939257891214,0.355,0.259,2.199762945808939e-156,2,BANF1
2.9738164188907173e-159,0.3361326817212998,0.448,0.344,1.1367115879567878e-154,2,NDUFC2
2.7003997530737912e-157,0.3518320756930346,0.328,0.236,1.032200801614926e-152,2,SEM1
9.789775661866281e-157,0.39500850502481477,0.29,0.205,3.7420438489917673e-152,2,IGFLR1
2.1068286893112308e-156,0.42786459372841606,0.262,0.182,8.053141982023249e-152,2,GTF2I
8.632931492268229e-156,0.44319858051312583,0.256,0.177,3.299851733604608e-151,2,TBC1D1
9.538548014331334e-156,0.448728899348772,0.306,0.222,3.646014592998009e-151,2,MAP4K4
1.3993099120106057e-154,0.3628131180827635,0.361,0.267,5.348722207669339e-150,2,NDUFAB1
6.000142491089986e-153,0.39039090685927036,0.307,0.221,2.2934944657942363e-148,2,IQSEC1
6.073028462229973e-150,0.40586127321335635,0.271,0.191,2.321354399402785e-145,2,TXN2
3.2624417123488343e-147,0.3400897862715632,0.378,0.284,1.2470357201282184e-142,2,DBNL
5.482270155767959e-147,0.4363245129169912,0.257,0.181,2.0955429443407447e-142,2,SURF1
1.6328588867708573e-146,0.4174221945708651,0.259,0.182,6.241439808792925e-142,2,TMED5
2.7640233104599642e-145,0.29939368977697667,0.461,0.361,1.0565202701902168e-140,2,AP2M1
2.3674759913168285e-144,0.28328535173527825,0.524,0.421,9.049440229209445e-140,2,UQCRFS1
1.7276711175935354e-143,0.33923069963650804,0.43,0.335,6.60385007988953e-139,2,JMJD1C
3.236557299141465e-143,0.360080304590104,0.295,0.211,1.2371416620238336e-138,2,PSMB2
1.2417702469130212e-142,0.3798321000005167,0.325,0.241,4.7465425918003324e-138,2,PABPC4
1.75007562946699e-138,0.3897618465338821,0.283,0.204,6.689489086074623e-134,2,ATP5MC1
1.0350242018061642e-136,0.3897233870583327,0.343,0.259,3.956276508983882e-132,2,IVNS1ABP
1.727693430575095e-136,0.3660695109417932,0.355,0.268,6.603935369030243e-132,2,MAP3K2
1.1206930764369812e-134,0.39988151545708717,0.27,0.194,4.283737215372717e-130,2,GNAI3
5.491441645417204e-133,0.4060988021273623,0.287,0.208,2.099048654544272e-128,2,FAM174C
1.2576516722792077e-131,0.32158668156310855,0.354,0.266,4.807247752120044e-127,2,MRPL20
1.598455130864659e-131,0.2538410407201759,0.614,0.517,6.109934892217072e-127,2,ATP5PO
1.727490450516015e-131,0.3939542839012667,0.271,0.195,6.603159498052415e-127,2,CYTH4
2.690340853886033e-131,0.36564309405296425,0.327,0.243,1.0283558879893973e-126,2,ELOC
1.2962475691179303e-128,0.36331594944365814,0.274,0.198,4.954776708196377e-124,2,CCT5
1.7773983718628167e-128,0.3702453388333759,0.285,0.208,6.7939275366084305e-124,2,PFKL
9.016612506054442e-126,0.3193539065370756,0.344,0.259,3.4465099643142497e-121,2,VPS29
2.930038656924148e-125,0.3275645231260727,0.269,0.195,1.1199779762226863e-120,2,RALBP1
1.3577985299458837e-124,0.2892314929827387,0.406,0.315,5.190049100865146e-120,2,MRPL54
1.6304161828102338e-122,0.3039272531644246,0.259,0.185,6.232102817173838e-118,2,LASP1
6.080299269594983e-122,0.3552423667879781,0.276,0.202,2.3241335928099866e-117,2,RTF2
5.314426597073505e-120,0.32209610554195084,0.358,0.275,2.0313864224653763e-115,2,KMT2C
1.2335205620373909e-119,0.31254887331325515,0.375,0.29,4.715008996331723e-115,2,IGBP1
4.53256138572643e-119,0.2748965970359108,0.394,0.306,1.7325262640800704e-114,2,ROCK1
2.2823716729116015e-118,0.3129595676117669,0.357,0.273,8.724137482537306e-114,2,SUMO3
5.689915547247171e-118,0.26769652893127327,0.469,0.379,2.1749133187797585e-113,2,RCSD1
5.930226134057254e-117,0.3247652542633716,0.323,0.243,2.266769637482045e-112,2,MRPS34
7.27650739603319e-117,0.2726134534530459,0.369,0.283,2.7813721870597265e-112,2,TACC1
3.5943836475198665e-116,0.260584181623668,0.396,0.307,1.3739172054279938e-111,2,YY1
3.4839367131961613e-115,0.44875059639264814,0.746,0.722,1.3316999692521006e-110,2,CRIP1
8.626367080454818e-114,0.2657815326214793,0.291,0.217,3.2973425528330497e-109,2,PELI1
1.2661960897806153e-113,0.3293008269237337,0.278,0.205,4.839907933577424e-109,2,CDC40
1.1508172046465891e-112,0.32657534158967955,0.263,0.192,4.398883683041122e-108,2,FAM204A
5.313685507182419e-111,0.30579763986588493,0.354,0.273,2.0311031482654076e-106,2,SNX17
1.2327635806249504e-110,0.3268737921837811,0.322,0.246,4.71211551058081e-106,2,RNF114
5.0373735865871e-110,0.35057717383895076,0.27,0.201,1.9254856797370532e-105,2,DNAJC7
2.1062927387035735e-109,0.31892563199145424,0.278,0.205,8.051093364420539e-105,2,RER1
4.654864674636253e-109,0.35451073676660905,0.261,0.192,1.7792754732329616e-104,2,ABTB1
1.0000315968366066e-108,0.26671765415686527,0.467,0.376,3.822520775748245e-104,2,FIS1
2.7485114580486363e-107,0.25769707219861593,0.289,0.214,1.0505910197245108e-102,2,MXD4
2.9773174105090967e-107,0.3447235545672037,0.273,0.202,1.1380498069929972e-102,2,ATP6AP1
5.4274170733677065e-104,0.2644708993827485,0.296,0.221,2.0745759021240722e-99,2,KCNAB2
8.210893390842386e-104,0.2739515410235578,0.296,0.221,3.1385318897155935e-99,2,MIEN1
9.826323268054626e-104,0.2807846847359137,0.337,0.259,3.7560138059812e-99,2,MRPL41
1.5800660400648618e-103,0.3243088325822469,0.27,0.202,6.039644431543928e-99,2,QARS
3.833463615412617e-100,0.27515489644978774,0.301,0.228,1.4653031323553188e-95,2,ARID1A
7.631570690666041e-100,0.25847577116733944,0.41,0.326,2.9170915808001876e-95,2,PSMA2
9.634458777355008e-100,0.27807769457427334,0.346,0.268,3.6826755230561784e-95,2,ZNF706
8.362950204099851e-98,0.2809094466777523,0.277,0.208,3.196654086015127e-93,2,EIF2S2
2.372838550227608e-95,0.3049537479748195,0.318,0.246,9.069938074390009e-91,2,LRPAP1
1.2833635597361226e-93,0.5030163139213383,0.347,0.281,4.905528870735355e-89,2,TMX4
2.1872646566411862e-93,0.2602121580642429,0.264,0.197,8.36060042354527e-89,2,KDELR2
6.1121436646654345e-92,0.2510914310057551,0.328,0.254,2.3363057943817158e-87,2,COX14
6.282416555605747e-90,0.2632640242072662,0.385,0.307,2.4013909042147406e-85,2,SIVA1
1.7118055099928222e-85,0.2729526704230717,0.286,0.22,6.543205381396564e-81,2,HNRNPAB
1.3306841702392345e-84,0.2519515670044947,0.351,0.278,5.08640717232245e-80,2,PSMD4
3.276895180107235e-40,0.2634963728126359,0.3,0.254,1.2525604136441894e-35,2,EIF4A3
5.717587645211549e-7,0.2722672909055701,0.296,0.288,0.021854907015056626,2,RGCC
0,1.605858661636311,0.876,0.336,0,3,IL7R
0,1.49520250330837,0.932,0.459,0,3,LTB
0,0.7424144053640722,0.941,0.525,0,3,CD3E
0,0.9170773927531037,0.742,0.337,0,3,TCF7
0,0.8863224860130425,0.969,0.575,0,3,IL32
0,0.8002994185479035,0.758,0.373,0,3,CD3D
0,1.7006570423968639,0.581,0.197,0,3,CD5
0,2.202615691728869,0.473,0.112,0,3,AQP3
0,1.135046344282265,0.722,0.363,0,3,LIME1
0,0.8994496286397886,0.728,0.375,0,3,SPOCK2
0,1.4536470123411365,0.581,0.239,0,3,PBXIP1
0,2.105045371538186,0.457,0.128,0,3,GATA3
0,1.1768431823599617,0.586,0.259,0,3,FLT3LG
0,1.0250071368694957,0.899,0.573,0,3,LDHB
0,1.2145677811709474,0.529,0.203,0,3,RCAN3
0,1.4501172309690649,0.481,0.158,0,3,MAL
0,0.7689685647033777,0.624,0.302,0,3,CD3G
0,1.1332842603152113,0.595,0.275,0,3,CD6
0,1.1556603945599693,0.87,0.55,0,3,DNAJB1
0,1.1647869644752553,0.509,0.191,0,3,CAMK4
0,1.6174115647440073,0.447,0.136,0,3,INPP4B
0,1.5074811691188366,0.558,0.256,0,3,RGCC
0,0.8502848045762559,0.763,0.461,0,3,LEPROTL1
0,0.9891580889044306,0.552,0.255,0,3,CD2
0,2.0883113920327894,0.43,0.135,0,3,LMNA
0,1.2848998251535946,0.511,0.219,0,3,ITM2A
0,0.8353468502183174,0.927,0.64,0,3,CD69
0,0.6439307609239837,0.826,0.539,0,3,ETS1
0,1.114301296216429,0.579,0.293,0,3,ARHGAP15
0,0.8598485990828565,0.526,0.25,0,3,BCL11B
0,0.6411841634990642,0.625,0.35,0,3,PIK3IP1
0,0.5582671197628848,0.738,0.467,0,3,PCED1B-AS1
0,1.8487214976089068,0.35,0.087,0,3,CD28
0,1.31203061207616,0.468,0.207,0,3,TTC39C
0,0.9857861367397398,0.489,0.23,0,3,GPR183
0,1.1043807257520724,0.55,0.292,0,3,ITGB1
0,0.5887193817537487,0.48,0.224,0,3,LEF1
0,1.1994194232036177,0.927,0.672,0,3,TNFAIP3
0,2.594691521387865,0.302,0.052,0,3,CRIP2
0,0.840671319925649,0.507,0.259,0,3,RORA
0,1.247024818259866,0.446,0.2,0,3,PAG1
0,0.6890509834645449,0.566,0.323,0,3,RHOH
0,0.828985465542652,0.481,0.242,0,3,ITK
0,0.735649176036068,0.646,0.408,0,3,TMEM123
0,1.6072346449075556,0.335,0.097,0,3,TRAT1
0,1.0773280622374557,0.429,0.192,0,3,S1PR1
0,0.4694271602094635,0.635,0.399,0,3,LCK
0,1.4801322138649935,0.348,0.112,0,3,CD82
0,0.7611602692406286,0.59,0.357,0,3,NOSIP
0,0.6435796065275836,0.553,0.323,0,3,LAT
0,0.8213758522895009,0.652,0.423,0,3,CDKN1B
0,0.8839856606209066,0.444,0.215,0,3,OPTN
0,0.7664758141422551,0.599,0.37,0,3,EML4
0,0.9485619658470379,0.843,0.614,0,3,GSTK1
0,0.7810186250402228,0.598,0.37,0,3,PLP2
0,0.706507656881445,0.929,0.702,0,3,TLE5
0,0.47300201147156784,0.802,0.58,0,3,GAS5
0,0.5579231687229789,0.71,0.489,0,3,EZR
0,1.058327265852474,0.4,0.185,0,3,ARID5B
0,0.32362897087793896,0.784,0.57,0,3,IL2RG
0,0.8551511023125546,0.419,0.205,0,3,NCK2
0,0.5266568323839018,0.661,0.448,0,3,PIK3R1
0,0.6175799848863434,0.567,0.354,0,3,ISG20
0,1.0140856367797821,0.392,0.18,0,3,DGKA
0,0.387179399377106,0.564,0.353,0,3,SYNE2
0,0.7992958290944008,0.532,0.323,0,3,CYLD
0,0.7073904012695151,0.59,0.382,0,3,FAM107B
0,0.7932367565011482,0.539,0.332,0,3,PTGER4
0,1.7871617908784485,0.287,0.081,0,3,HNRNPLL
0,0.6374340522986981,0.672,0.467,0,3,ANKRD12
0,0.6337507846920297,0.529,0.325,0,3,SEPTIN1
0,0.7292281805082792,0.478,0.274,0,3,PRDX2
0,1.3494304815290388,0.354,0.151,0,3,TRADD
0,0.4048287988950814,0.793,0.592,0,3,C12orf57
0,1.0428499655685255,0.411,0.211,0,3,PLSCR3
0,1.0968445164693506,0.332,0.133,0,3,TESPA1
0,0.4992293982132614,0.658,0.46,0,3,FOXP1
0,1.034229651776548,0.401,0.203,0,3,CLDND1
0,0.6153947104096515,0.509,0.311,0,3,P2RY8
0,0.778184861419955,0.504,0.306,0,3,SPTAN1
0,0.5785217053909613,0.554,0.358,0,3,PEBP1
0,1.0733327590575363,0.336,0.142,0,3,TRAC
0,1.1116128971997719,0.343,0.149,0,3,TMEM238
0,0.8232168955156761,0.422,0.228,0,3,CDC25B
0,0.6493609173226779,0.535,0.342,0,3,MCUB
0,0.783835287968655,0.803,0.613,0,3,ANXA1
0,0.5875897213278511,0.834,0.644,0,3,FYB1
0,0.5038553605909335,0.554,0.365,0,3,ACAP1
0,0.5229120218751504,0.672,0.483,0,3,SOD1
0,0.4002669751857786,0.768,0.58,0,3,EVL
0,1.0408074020948967,0.353,0.165,0,3,CD27
0,0.6724370970175202,0.481,0.294,0,3,MZT2A
0,0.9697588858833608,0.37,0.183,0,3,BIRC3
0,1.7530422446128788,0.255,0.069,0,3,TNFRSF25
0,1.4463925408141098,0.289,0.103,0,3,CDC14A
0,1.2837620497562745,0.297,0.111,0,3,FAM102A
0,0.5006525216707696,0.713,0.528,0,3,SNHG6
0,0.45590974930525274,0.556,0.372,0,3,MGAT4A
0,0.8591263420844193,0.522,0.338,0,3,TOB1
0,0.4349181574817411,0.738,0.554,0,3,SLC2A3
0,0.4817060021758093,0.887,0.705,0,3,CRIP1
0,0.7269019294840816,0.428,0.248,0,3,TNFAIP8
0,0.7647498745661099,0.456,0.276,0,3,GSPT1
0,0.5286494755436761,0.871,0.692,0,3,AHNAK
0,0.8029236906154428,0.38,0.201,0,3,OCIAD2
0,1.2126104761148033,0.312,0.133,0,3,PHACTR2
0,0.6673359429803776,0.364,0.188,0,3,TC2N
0,0.5452885523685205,0.927,0.752,0,3,CXCR4
0,0.5026467448004,0.775,0.601,0,3,CD44
0,1.0307460454857964,0.317,0.143,0,3,SFXN1
0,0.7622439304278976,0.393,0.222,0,3,PIM2
0,1.1203422908808984,0.382,0.212,0,3,RGS1
0,0.8521229726969302,0.366,0.196,0,3,CD4
0,0.511725619264985,0.557,0.388,0,3,NSD3
0,0.44482022359142914,0.679,0.51,0,3,DDX24
0,0.5070353562145868,0.547,0.38,0,3,ZC3HAV1
0,0.8743605615405565,0.402,0.235,0,3,CORO7
0,0.660081253643485,0.379,0.212,0,3,TENT5C
0,0.5150312554519477,0.483,0.316,0,3,SOCS3
0,1.0346104069461324,0.381,0.215,0,3,CORO1B
0,0.5180257294258355,0.508,0.342,0,3,CDC42SE2
0,1.16324447714627,0.277,0.112,0,3,CDR2
0,0.9913411167959912,0.343,0.179,0,3,RHBDD2
0,0.5582078784132105,0.842,0.678,0,3,LINC01578
0,0.49309429524259185,0.556,0.393,0,3,ARID4B
0,1.346282353502898,0.264,0.101,0,3,LRRC8C
0,0.7374395413755721,0.486,0.323,0,3,NR3C1
0,0.7465016507791193,0.336,0.175,0,3,GIMAP5
0,1.1008911018128504,0.272,0.113,0,3,THEM4
0,0.6044506223422561,0.415,0.256,0,3,BIN1
0,0.5010186807151749,0.6,0.441,0,3,TAGAP
0,0.5132284981178257,0.377,0.219,0,3,CD96
0,0.5765410037656975,0.69,0.533,0,3,CNN2
0,0.4372404775112759,0.772,0.617,0,3,SEPTIN9
0,0.4627549974528298,0.617,0.462,0,3,ELF1
0,0.4708329831253728,0.841,0.686,0,3,SRSF7
0,0.8450463061192136,0.361,0.207,0,3,TAB2
0,0.671897131180377,0.331,0.178,0,3,RASGRP1
0,0.5029554783114514,0.666,0.514,0,3,AL138963.4
0,0.5039410905818524,0.521,0.37,0,3,PPP1R2
0,0.6439615760509967,0.923,0.772,0,3,HSPA8
0,0.6445133012422994,0.923,0.773,0,3,HINT1
0,0.9128580976062782,0.274,0.125,0,3,KCNA3
0,0.5104509899900315,0.443,0.294,0,3,EMB
0,1.0985050588412684,0.27,0.121,0,3,HIVEP2
0,0.9825863052497629,0.265,0.117,0,3,SERINC5
0,0.7242717428278576,0.331,0.183,0,3,PRDM1
0,0.9922845180333563,0.273,0.126,0,3,GPRIN3
0,0.7832007246523457,0.321,0.174,0,3,SOCS1
0,0.6026071234438957,0.376,0.23,0,3,PHF1
0,0.4799758874177299,0.324,0.179,0,3,PRKCQ-AS1
0,0.3968027268126928,0.857,0.716,0,3,NOP53
0,0.7105647857403599,0.37,0.23,0,3,SNHG16
0,0.8752130585010661,0.297,0.159,0,3,MDFIC
0,0.7101021657803028,0.968,0.831,0,3,SARAF
0,0.7493115606685731,0.282,0.146,0,3,CCND2
0,0.8255427137293698,0.278,0.143,0,3,ODF2L
0,0.41928235730475416,0.963,0.828,0,3,CD52
0,0.35956573869981767,0.828,0.694,0,3,PPP1R15A
0,0.5055975645287568,0.318,0.186,0,3,PDE3B
0,0.699321495452906,0.312,0.181,0,3,ERN1
0,0.7006712316949617,0.306,0.176,0,3,ITPKB
0,0.9502426073305937,0.274,0.146,0,3,SESN3
0,0.3345997173083197,0.835,0.707,0,3,SF1
0,0.42055570458583613,0.931,0.804,0,3,NPM1
0,0.7590006255441435,0.297,0.175,0,3,PLK3
0,0.739224086292942,0.268,0.15,0,3,CA5B
0,0.7087876926068375,0.281,0.164,0,3,DNAJB9
0,0.7241995529807619,0.256,0.144,0,3,ATF7IP2
0,0.6777739067135534,0.251,0.139,0,3,AL499604.1
0,0.320362295606178,0.883,0.772,0,3,HSP90AB1
0,0.7141942579365073,0.949,0.838,0,3,FXYD5
0,0.9200610456462028,0.973,0.877,0,3,ZFP36L2
0,0.38393428008139097,0.962,0.867,0,3,RPS29
0,0.41428943997408973,0.973,0.883,0,3,RPL36A
0,0.27385212132623726,0.924,0.841,0,3,RPS20
0,0.2936299572654839,0.947,0.874,0,3,HNRNPA1
0,0.3117707119396451,0.957,0.891,0,3,EEF1G
0,0.42058630066979674,0.976,0.915,0,3,TSC22D3
0,0.30693370745848103,0.977,0.921,0,3,PABPC1
0,0.3205409427344774,0.976,0.924,0,3,KLF2
0,0.42621523732885347,0.984,0.941,0,3,EEF2
0,0.4159797528437261,0.987,0.945,0,3,RPL4
0,0.39648211692061963,0.996,0.956,0,3,RPL17
0,0.30889434490135503,0.99,0.953,0,3,BTG1
0,0.532469963741919,0.993,0.957,0,3,RPSA
0,0.7600243810044098,0.989,0.954,0,3,JUNB
0,0.29138170860317913,0.994,0.962,0,3,RPS21
0,0.43447173310329656,0.996,0.966,0,3,RPL36
0,0.3285694779146624,0.992,0.964,0,3,RPL10A
0,0.266615624766124,0.99,0.963,0,3,RPL35
0,0.2590769603339016,0.994,0.967,0,3,RPS5
0,0.4910396772700558,0.995,0.97,0,3,RPLP0
0,0.2593711948009716,0.993,0.969,0,3,RPL24
0,0.2683840900609944,0.993,0.969,0,3,RACK1
0,0.3486647320927698,0.996,0.974,0,3,RPL5
0,0.4251254659346442,0.999,0.977,0,3,RPL41
0,0.36242751395474926,0.995,0.975,0,3,RPL13A
0,0.29133274987519364,0.997,0.979,0,3,RPL9
0,0.3015675779989184,0.996,0.979,0,3,RPL23A
0,0.3650714092404117,0.997,0.981,0,3,RPL3
0,0.43827995257371644,0.998,0.983,0,3,RPS25
0,0.3716084464082412,0.999,0.986,0,3,RPL14
0,0.25539694172334926,0.997,0.984,0,3,RPL8
0,0.2881279765756215,0.998,0.985,0,3,RPL6
0,0.3448231338210359,0.998,0.986,0,3,RPS6
0,0.2923493741331784,1,0.989,0,3,RPS27
0,0.27956846057152074,0.998,0.987,0,3,RPL39
0,0.2508726460595181,0.999,0.989,0,3,RPL29
0,0.41103619212364695,0.998,0.988,0,3,RPS4X
0,0.3162559004520409,0.999,0.989,0,3,RPS2
0,0.2707177788566417,0.999,0.989,0,3,RPS28
0,0.2882246569314182,0.999,0.989,0,3,RPL18
0,0.27978849744709944,0.999,0.99,0,3,RPS7
0,0.3304124359903833,1,0.992,0,3,RPL11
0,0.29827156758576123,0.999,0.991,0,3,RPL34
0,0.438194406765839,0.999,0.991,0,3,RPS18
0,0.3542096718731953,1,0.992,0,3,RPS3
0,0.29484485296540086,0.999,0.991,0,3,RPL18A
0,0.28657882252896805,1,0.993,0,3,RPS8
0,0.30959852460394277,1,0.993,0,3,RPL32
0,0.26626491462926083,0.999,0.992,0,3,RPS19
0,0.37115846679930176,1,0.994,0,3,RPS12
0,0.30241240040487494,1,0.994,0,3,RPL30
0,0.32631975015247416,1,0.994,0,3,RPS15A
0,0.27326738600129286,0.999,0.993,0,3,RPL19
0,0.3234229533128792,1,0.995,0,3,RPS27A
0,0.37799407967791065,1,0.995,0,3,RPL13
0,0.29756031540964223,1,0.995,0,3,RPL28
0,0.4148252283423641,1,0.996,0,3,TPT1
0,0.31272134465264134,1,0.996,0,3,RPLP1
0,0.4160711898552627,1,0.997,0,3,EEF1A1
0,0.36035181620555967,1,0.997,0,3,RPL10
3e-323,0.3786765124376116,0.473,0.302,1.13311e-318,3,SKAP1
1e-320,0.3476567285311791,0.811,0.702,3.82235745e-316,3,MYH9
5.169873e-318,0.4613662014003254,0.406,0.263,1.9761323603e-313,3,TSPYL2
1.70448557e-316,0.28725633396475025,0.862,0.755,6.51522564092e-312,3,MIF
1.8414226e-316,0.3745322668078943,0.937,0.887,7.038653679556e-312,3,JUN
7.3164707e-315,0.2630943184049497,0.952,0.899,2.79664776048713e-310,3,ARHGDIB
3.3756950821e-313,0.5024068576421464,0.419,0.283,1.2903256881905026e-308,3,R3HDM4
3.1768141553437423e-307,0.6572500754386659,0.289,0.173,1.214305442738592e-302,3,PCNX1
4.420073277645359e-307,0.5602692944442315,0.336,0.208,1.6895288096471622e-302,3,SLC2A4RG
6.695455563040938e-307,0.5185954623454219,0.335,0.208,2.559270934416768e-302,3,CNST
5.1950529421095266e-306,0.45268670076530615,0.578,0.427,1.9857570365919456e-301,3,SEPTIN6
9.74437719317939e-304,0.4835125616010643,0.407,0.264,3.7246907383208903e-299,3,TSTD1
4.199990071741516e-299,0.6465954419780408,0.296,0.179,1.6054042050224772e-294,3,DANCR
5.978530771140611e-299,0.44817271514343593,0.47,0.321,2.2852336019607872e-294,3,PSIP1
9.521449937938812e-296,0.37373416790422276,0.884,0.782,3.6394790242777314e-291,3,HSP90AA1
1.789472582179376e-295,0.5624092383320065,0.337,0.211,6.840079998122447e-291,3,SPTBN1
1.0785214953365226e-293,0.38831970327842213,0.452,0.299,4.122540563774324e-289,3,GIMAP7
4.275938544840761e-286,0.45149052668455397,0.481,0.337,1.6344347493799323e-281,3,EPB41
1.1003986667713313e-284,0.5458142208902242,0.324,0.202,4.206163863866737e-280,3,FOXO1
1.8959398876257007e-284,0.40583972014594916,0.564,0.413,7.247040626460478e-280,3,SBDS
2.519676681294996e-282,0.5676654533889816,0.296,0.181,9.631212146581993e-278,3,BCL2
1.5409365674584474e-278,0.43163369443831007,0.497,0.355,5.89007593545317e-274,3,KMT2A
4.63415396130632e-278,0.55584588568654,0.562,0.428,1.7713590101697278e-273,3,CITED2
5.312204504893806e-278,0.5823805866067446,0.326,0.209,2.0305370499506084e-273,3,ELOVL5
8.831940331860689e-277,0.37893548575430913,0.455,0.302,3.37592087245043e-272,3,SLC38A1
5.6692863370890614e-272,0.7180464467119493,0.253,0.153,2.1670280094889227e-267,3,ADSL
7.040700335108754e-272,0.640083359030439,0.289,0.18,2.69123729609197e-267,3,CRYBG1
2.630625722391845e-271,0.6501563338410146,0.259,0.155,1.0055303761270589e-266,3,TMEM173
9.228184796835795e-269,0.5633193401875404,0.313,0.198,3.527381356742514e-264,3,USP36
3.367570301317783e-266,0.33141845668968295,0.739,0.607,1.2872200719757094e-261,3,HNRNPA0
1.4957900742773046e-265,0.5123722635412382,0.351,0.229,5.71750797991757e-261,3,DOCK10
1.1577639627633598e-264,0.49871203167832723,0.383,0.258,4.4254369712666666e-260,3,TSPYL1
4.966290699859171e-264,0.6244122647678901,0.275,0.169,1.8983149571141695e-259,3,ATXN7
8.241117753427911e-262,0.5334895273751012,0.374,0.254,3.1500848500702846e-257,3,MAP3K1
1.3152752294738231e-260,0.5471935863996815,0.319,0.204,5.027508037140741e-256,3,JAK3
1.0353231176511077e-259,0.4665152038317025,0.408,0.278,3.9574190849095942e-255,3,NSMCE3
1.7374287672227526e-259,0.6063876856956063,0.303,0.193,6.641147719832249e-255,3,NECAP2
2.973690086371994e-259,0.5538088734240135,0.341,0.225,1.136663298614831e-254,3,STT3B
3.271759991335796e-259,0.4259965535631667,0.515,0.38,1.2505975390881947e-254,3,RESF1
2.9020820875792372e-257,0.6145089330973531,0.302,0.192,1.1092918571562878e-252,3,C16orf54
1.3217033473529383e-256,0.4699198783435776,0.385,0.257,5.052078874921872e-252,3,NOP58
7.77389644450199e-254,0.5379329463742628,0.284,0.176,2.97149417694644e-249,3,AC119396.1
3.3105564325210635e-253,0.4472142859292947,0.425,0.293,1.2654270907668514e-248,3,HERPUD2
1.3019219137649004e-252,0.42771742864246676,0.378,0.253,4.9764663231749555e-248,3,HSPB1
1.7498796631273228e-246,0.49729441139441166,0.28,0.171,6.688740024337879e-242,3,CCSER2
3.497813280041712e-243,0.28573658074451824,0.839,0.732,1.3370041481631439e-238,3,PPDPF
8.679925678970367e-243,0.37747541299813836,0.635,0.503,3.317814791529633e-238,3,SMCHD1
1.7224814161571857e-236,0.31298925731177363,0.686,0.553,6.584012965119226e-232,3,MZT2B
2.8776332068854927e-233,0.26214429557029817,0.872,0.786,1.0999465169999108e-228,3,RPL36AL
1.0824621615952333e-230,0.5618767401495999,0.285,0.182,4.13760336648162e-226,3,JMY
7.517275725121255e-230,0.44784140933624017,0.339,0.224,2.8734034731703484e-225,3,GOLGA7
1.9676533316515063e-229,0.4279094149359604,0.404,0.279,7.521158094904718e-225,3,SNHG1
1.724469255727083e-227,0.3219443349297584,0.683,0.549,6.5916112830912025e-223,3,H1FX
5.363080702832824e-227,0.43019641486498683,0.504,0.382,2.0499839678508188e-222,3,EIF3A
2.0337970036257598e-226,0.30561875038003317,0.891,0.79,7.773985666659104e-222,3,KLF6
1.66068088035329e-225,0.4707444593123993,0.483,0.361,6.347786597062416e-221,3,DNAJA1
4.766197456951573e-224,0.27131775268645986,0.736,0.6,1.8218313159451692e-219,3,EIF3E
6.593676060355741e-222,0.3609424516909303,0.639,0.515,2.5203667373103784e-217,3,IDS
7.718046447659174e-222,0.5511360945726906,0.315,0.21,2.9501460741532427e-217,3,CACYBP
8.059110823219999e-221,0.445330621033478,0.424,0.306,3.0805145210676126e-216,3,NFKB1
3.27586272053758e-220,0.5170096311078592,0.386,0.273,1.2521657662982845e-215,3,PIM3
7.811442823282596e-220,0.49029657765209894,0.342,0.232,2.9858459047715393e-215,3,RNF139
4.808713286897502e-216,0.5446215600443066,0.281,0.182,1.838082566783701e-211,3,CLPP
3.597963897068972e-213,0.3378030925016837,0.606,0.478,1.3752857200156437e-208,3,CUTA
6.487164473425855e-211,0.3322428038584383,0.548,0.416,2.4796537483222988e-206,3,ADD3
1.6240915923933745e-210,0.27964850629474247,0.627,0.48,6.207927702764435e-206,3,RNASET2
7.949682546883847e-210,0.46705534761626166,0.382,0.27,3.0386866567208815e-205,3,TNIP1
1.8599820347823718e-205,0.5223141534006924,0.281,0.183,7.109595329752137e-201,3,ESYT1
2.3383913570758324e-205,0.3194017026228674,0.382,0.259,8.938267123286662e-201,3,RNF125
2.9928887366190383e-204,0.4291038281890251,0.361,0.249,1.1440017906852612e-199,3,WHAMM
2.331514644948909e-196,0.3628329062739928,0.611,0.486,8.91198157885271e-192,3,DDIT4
3.8725913192598697e-196,0.28658032618637974,0.687,0.562,1.4802593058738925e-191,3,SMDT1
5.091576947360138e-196,0.47093480587645836,0.342,0.238,1.946204372358939e-191,3,MALT1
2.2615009440987796e-195,0.46484618841572867,0.41,0.3,8.644361208723176e-191,3,PER1
3.0922042264198404e-195,0.29339831943352923,0.697,0.575,1.1819641435067199e-190,3,ANP32B
1.540571484120411e-194,0.2697837284434921,0.673,0.545,5.888680440901859e-190,3,EIF4A2
5.538591337797107e-194,0.5206700352121192,0.349,0.247,2.1170711529595662e-189,3,S1PR4
4.676621165871725e-193,0.3392254715530566,0.353,0.24,1.7875916744428084e-188,3,AAK1
6.082677068343486e-192,0.48250845891363847,0.281,0.185,2.325042482603614e-187,3,RSBN1
3.325322677841594e-191,0.40720935171723305,0.295,0.195,1.271071340378171e-186,3,SEC11C
3.929477803775959e-191,0.3966980603309021,0.301,0.198,1.5020035957153226e-186,3,SLFN5
4.470044501623444e-191,0.5302306708048787,0.253,0.163,1.7086298103005454e-186,3,DUSP5
8.521602661714289e-188,0.3486542849452035,0.461,0.342,3.25729740141367e-183,3,CMPK1
4.1634615944483815e-187,0.42805892235437093,0.336,0.231,1.5914415598619493e-182,3,ASXL1
4.628318564269223e-187,0.31753206702839837,0.337,0.225,1.769128488006268e-182,3,CLEC2D
1.3949385484198632e-185,0.2874715616761365,0.519,0.392,5.332013107480085e-181,3,SNHG8
1.4327872524244754e-182,0.290149299351172,0.451,0.326,5.476685993667315e-178,3,TECR
2.9903753601209808e-182,0.3108509805390711,0.619,0.5,1.1430410776526436e-177,3,NDUFB9
1.918430166621183e-180,0.2531672661042299,0.506,0.378,7.33300746889281e-176,3,NDFIP1
2.9255433454870875e-179,0.296133817345048,0.449,0.325,1.1182596883789843e-174,3,TMC8
1.1591875956524586e-178,0.4398606578913093,0.292,0.197,4.430878665621958e-174,3,PRKX
5.058567385929355e-178,0.30877803305988616,0.274,0.179,1.9335867975976367e-173,3,IL6ST
2.9018835361685085e-177,0.3392488158769876,0.428,0.311,1.1092159628650507e-172,3,RNF126
1.168991205594044e-176,0.3751881981173228,0.32,0.221,4.468351984262674e-172,3,TLK1
1.3221715739914512e-175,0.36145737359600316,0.438,0.328,5.053868624424923e-171,3,ATP1A1
2.8872055864348735e-175,0.3747449923527483,0.308,0.211,1.103605463358866e-170,3,ICAM2
4.360454280399983e-175,0.39160543608502973,0.25,0.16,1.6667400441400894e-170,3,KLF12
5.0453057592226585e-174,0.30539448157603444,0.606,0.484,1.928517673405269e-169,3,PTGES3
2.2098014759219173e-173,0.3019085604034082,0.734,0.622,8.446745161563936e-169,3,TUBA1A
6.4003479551328854e-170,0.3949333755611463,0.452,0.345,2.4464690023699942e-165,3,CSRNP1
2.191072463090828e-169,0.3506320534950773,0.383,0.275,8.375155382918381e-165,3,NAP1L4
2.424220816272669e-169,0.29490319605472826,0.25,0.159,9.26634164812065e-165,3,OXNAD1
6.996791022761432e-168,0.32074363405541584,0.576,0.465,2.6744534005403298e-163,3,HNRNPUL1
3.2100872197827672e-164,0.3101442210457046,0.525,0.41,1.227023738889765e-159,3,FNBP1
4.318591133803356e-164,0.27345344228239443,0.641,0.522,1.6507382749849949e-159,3,RAN
4.35326201274325e-161,0.3777015627622783,0.326,0.228,1.6639908717509798e-156,3,PIM1
5.509540022380827e-161,0.40471879862229637,0.28,0.19,2.1059665781548473e-156,3,GORASP2
2.8282711078739355e-158,0.3629902909980911,0.36,0.258,1.0810783482737331e-153,3,BCAS2
3.559463261391797e-158,0.39891249898358117,0.304,0.21,1.3605692370344006e-153,3,RNF19A
8.51389480282151e-158,0.29582279708008796,0.512,0.397,3.254351149430494e-153,3,HMGB2
1.2115082731502183e-157,0.3515039260268379,0.434,0.329,4.630869223289394e-153,3,KDM2A
4.1190249862533733e-156,0.43232283862773707,0.28,0.193,1.5744561107454895e-151,3,RPS6KA3
6.793534025586453e-156,0.30848150666541974,0.483,0.371,2.5967604459401658e-151,3,G3BP2
1.095670894099487e-155,0.3502689674755217,0.382,0.28,4.188092425605879e-151,3,FAM177A1
3.2495873261153227e-153,0.3407227348699907,0.379,0.276,1.242122259534321e-148,3,ABHD14B
4.932158341105218e-153,0.4903556664242303,0.268,0.185,1.8852682043040587e-148,3,UBL3
9.978551269495495e-152,0.3218980754560594,0.374,0.272,3.814201437251958e-147,3,ESYT2
3.759522162429295e-151,0.3628800620445993,0.457,0.355,1.4370397513669737e-146,3,NDUFV2
4.7152018052207294e-151,0.3201806945641067,0.515,0.408,1.8023387380275716e-146,3,SELENOK
6.173148124344136e-151,0.4206805017217436,0.3,0.212,2.359624139049303e-146,3,PPA1
2.2380811761795234e-150,0.33760912441243307,0.537,0.423,8.55484148782861e-146,3,IL10RA
1.4777928019799145e-148,0.26264767343973827,0.483,0.367,5.648715206288025e-144,3,RBL2
6.417858851280229e-146,0.35416532113898114,0.312,0.22,2.453162367313355e-141,3,ANP32E
9.227359068028553e-144,0.38193001322082565,0.398,0.302,3.527065730163234e-139,3,WNK1
2.599261506022893e-143,0.3920954271886744,0.268,0.184,9.935417180621907e-139,3,MAP4K1
8.336896195946345e-143,0.3384243845875097,0.411,0.312,3.186695201938531e-138,3,NOL7
2.2698825383917643e-142,0.3453945987777736,0.447,0.347,8.67639901474868e-138,3,UBE2S
2.3916241044232206e-142,0.41826732764745417,0.271,0.189,9.141743976747318e-138,3,ELMO1
9.513097951238736e-142,0.41613427367091604,0.282,0.2,3.636286560881494e-137,3,CREM
2.1107555693828678e-141,0.3541843422037232,0.415,0.316,8.068152088409074e-137,3,PRDX1
8.076820418351017e-141,0.36127488207972125,0.296,0.209,3.0872838367104926e-136,3,KAT6A
1.2178000416891646e-140,0.3025510835198648,0.434,0.331,4.654918879352663e-136,3,PDCD4
1.4886902488289372e-139,0.38220266693300864,0.321,0.232,5.69036960712373e-135,3,MFNG
1.2526744939432428e-138,0.35704879205567086,0.311,0.221,4.788222985648651e-134,3,VOPP1
1.3554964661563002e-137,0.5225201030994859,0.287,0.207,5.181249692235842e-133,3,HOOK2
3.8590632115927057e-137,0.262053517832312,0.536,0.427,1.4750883219991958e-132,3,TRAF3IP3
5.777097244003386e-137,0.2974500104266646,0.473,0.369,2.208237650547854e-132,3,DPP7
2.2755708886277746e-136,0.3285787569934847,0.437,0.339,8.698142164690806e-132,3,PPP1CC
2.5470866327494754e-136,0.2970368294908873,0.463,0.359,9.735983945021594e-132,3,HNRNPH3
5.4121220574183666e-136,0.3290514566674668,0.51,0.407,2.0687295352275965e-131,3,TUBB4B
5.9389894934539e-134,0.3471998753631022,0.332,0.244,2.2701193439778188e-129,3,HIST1H1C
1.1107564276439766e-133,0.3572469363082553,0.383,0.291,4.245755369026336e-129,3,ABRACL
5.530030664566539e-133,0.3512014151975835,0.385,0.292,2.113798921223914e-128,3,SLC3A2
3.242344659104887e-132,0.31009659956692814,0.436,0.337,1.2393538224962519e-127,3,RAP1A
7.972726109879181e-132,0.37694750763224016,0.333,0.246,3.047494828240218e-127,3,PRNP
2.4132805907299607e-130,0.32906974292133473,0.301,0.212,9.224523730006201e-126,3,TBCC
4.195428129597647e-130,0.37962667062250993,0.298,0.214,1.6036604482574047e-125,3,ARID5A
1.7492461832536038e-129,0.3199676903013948,0.382,0.287,6.686318610868575e-125,3,ZNF292
2.4999223854790285e-127,0.38145364722158887,0.269,0.191,9.555703326255039e-123,3,HERC1
4.016552877292853e-127,0.28387591242165,0.4,0.302,1.53528717181642e-122,3,TMC6
4.46680575984478e-127,0.2992101177648374,0.409,0.312,1.7073918336430686e-122,3,HEBP2
1.4525573980647758e-126,0.36054594065900814,0.251,0.173,5.552255398362799e-122,3,KLHDC2
4.5281453658224614e-126,0.3475943802386153,0.345,0.257,1.7308382846319776e-121,3,ANXA7
3.1577774199788674e-124,0.26916532542983684,0.272,0.191,1.2070288410127223e-119,3,MAML2
8.001391201999805e-124,0.37004378193733123,0.264,0.186,3.058451773052405e-119,3,SS18L2
3.07201350167071e-123,0.27517882111920644,0.47,0.369,1.1742464408786123e-118,3,TRAM1
6.881341852289596e-119,0.3310414852348845,0.327,0.243,2.630324109619175e-114,3,UBE2N
1.50609748713612e-116,0.35342471627352795,0.284,0.207,5.756907034829105e-112,3,TRAPPC6A
7.280851029919607e-116,0.3730154429289355,0.286,0.21,2.7830324976764704e-111,3,PDCD5
1.1285910646099845e-115,0.3052896621965813,0.384,0.293,4.313926485365205e-111,3,PACS1
2.5769157693795856e-114,0.36248435883284835,0.26,0.186,9.850002836876528e-110,3,INTS6
1.1589931284527505e-113,0.3088433587678888,0.362,0.276,4.430135334197794e-109,3,TMEM14B
1.373315087825163e-112,0.29006719351298715,0.325,0.242,5.249359591702903e-108,3,DUT
6.761684738991886e-111,0.2520795360344262,0.361,0.272,2.5845863746322587e-106,3,CASP8
1.3003093034051305e-109,0.2613211304647954,0.401,0.309,4.970302281335771e-105,3,HSPE1
2.9867262690989247e-109,0.29270576877992194,0.292,0.214,1.1416462491003729e-104,3,CCNG1
4.722618848313729e-109,0.2505037976486527,0.515,0.418,1.8051738285794396e-104,3,SNU13
5.027694898343574e-108,0.2932997329160062,0.294,0.219,1.9217860979428478e-103,3,PELI1
8.095529674078636e-108,0.29888420316336006,0.337,0.255,3.094435262619818e-103,3,SNHG3
1.3425977656087946e-106,0.310556522665796,0.267,0.193,5.131945699263056e-102,3,CNOT6L
7.679554698402628e-106,0.2523152992001863,0.43,0.338,2.935432987917421e-101,3,HSPA9
2.757759907739191e-105,0.2610327749162934,0.361,0.275,1.0541261471342284e-100,3,LRP10
3.6669833195086495e-104,0.3378982197947293,0.277,0.204,1.4016677040489862e-99,3,GDI1
1.737437533292469e-102,0.2663403527826925,0.413,0.325,6.641181227257134e-98,3,C1QBP
2.8898213655928348e-102,0.2552609958207437,0.357,0.273,1.1046053187842051e-97,3,REST
2.6039786901957724e-98,0.3687674595461523,0.275,0.207,9.953448145404321e-94,3,CMTM7
8.197622196313241e-98,0.26102981352663773,0.382,0.301,3.133459108318773e-93,3,STK24
4.2483030675575284e-97,0.28445510051356365,0.279,0.206,1.6238713645431895e-92,3,HIST1H1D
8.16667419041985e-97,0.2610962121885234,0.369,0.287,3.1216295425460835e-92,3,SSB
2.2278010004968563e-96,0.2606833120636123,0.311,0.233,8.515546544299183e-92,3,CRBN
5.741551771018176e-96,0.3028175563754418,0.304,0.23,2.1946507489539876e-91,3,SUPT5H
9.324452968671183e-96,0.3151746995876014,0.28,0.21,3.564178902744873e-91,3,SMAP1
1.0456461878730536e-95,0.27765817919483815,0.391,0.309,3.99687798852596e-91,3,KIF5B
1.8989135990201707e-95,0.30419045170524167,0.307,0.233,7.2584073408947e-91,3,HMGA1
1.907495843098784e-95,0.25363002387044364,0.292,0.218,7.291212110660792e-91,3,DNMT1
3.1474955897971674e-93,0.3265072383656266,0.257,0.189,1.2030987142440693e-88,3,NBDY
7.198412277445194e-93,0.25934126960604553,0.511,0.432,2.751521108930651e-88,3,SELL
1.012230570711763e-91,0.31048850611685097,0.267,0.199,3.8691501334886432e-87,3,MAP4
1.2614916086268066e-90,0.27163490086956676,0.297,0.224,4.821925524815106e-86,3,PPHLN1
3.6346159940757074e-89,0.27531054542682054,0.275,0.206,1.3892956175754984e-84,3,SIAH2
7.527850642326208e-89,0.31177708206224053,0.251,0.185,2.8774456295227697e-84,3,DYNLL2
3.328507356948738e-88,0.26192562510735473,0.255,0.188,1.2722886521200857e-83,3,ISCA1
3.23913822875624e-87,0.2754780007461428,0.311,0.239,1.2381281965597852e-82,3,SNHG32
1.2455426919389044e-83,0.3370163066593024,0.304,0.235,4.760962385667268e-79,3,HSPD1
2.5094458779097065e-80,0.2642256959600219,0.266,0.2,9.592105923722062e-76,3,NR1D2
2.3866695170656715e-77,0.29364444767919884,0.288,0.223,9.122805562031823e-73,3,CCM2
1.0453079016786272e-76,0.25700609607664204,0.399,0.325,3.9955849233763847e-72,3,TPR
8.749233045680298e-73,0.2639677448154876,0.261,0.2,3.344306839380837e-68,3,FGFR1OP2
3.078557347781842e-62,0.26991148662457165,0.304,0.245,1.1767477606161312e-57,3,PLEC
1.1674573242063964e-60,0.2818607255791832,0.264,0.208,4.462488876046529e-56,3,GBP2
2.3033797010881894e-60,0.3194181048284629,0.274,0.22,8.804438569439495e-56,3,RELB
1.8134099496661397e-54,0.33118041517773017,0.252,0.2,6.931578191603853e-50,3,GBP5
7.29305247753048e-50,0.29414972649877735,0.514,0.445,2.7876963790112506e-45,3,MYADM
2.3096496119444606e-39,0.32101206945520877,0.288,0.244,8.828404676696507e-35,3,STAT1
0,1.2234016648001749,0.958,0.323,0,4,NKG7
0,1.6943006057968368,0.982,0.352,0,4,CCL5
0,3.6715536985000723,0.726,0.103,0,4,CD8A
0,1.2067287655828074,0.893,0.296,0,4,CST7
0,3.1711767104668303,0.606,0.07,0,4,CD8B
0,1.412441249905069,0.756,0.244,0,4,GZMA
0,0.8795168273802383,0.779,0.319,0,4,CTSW
0,1.7975968635759338,0.657,0.21,0,4,GZMH
0,1.0329944901482597,0.923,0.528,0,4,CD3E
0,1.1668802237945735,0.97,0.575,0,4,IL32
0,1.307368933041198,0.766,0.373,0,4,CD3D
0,1.2292108235729402,0.732,0.344,0,4,GZMM
0,0.308742587365596,0.611,0.247,0,4,PRF1
0,3.195358725077369,0.424,0.061,0,4,GZMK
0,2.4170357078607134,0.452,0.1,0,4,KLRG1
0,1.9843917619760463,0.501,0.165,0,4,LYAR
0,1.3412078422498044,0.627,0.302,0,4,CD3G
0,1.3385164552829265,0.501,0.195,0,4,KLRK1
0,0.39970902308178236,0.58,0.275,0,4,GNLY
0,1.433113773123277,0.509,0.208,0,4,C12orf75
0,1.4990857938220543,0.805,0.513,0,4,DUSP2
0,0.7779421893724152,0.486,0.207,0,4,FGFBP2
0,1.1504969338648483,0.543,0.274,0,4,SYNE1
0,0.9690224386718391,0.612,0.347,0,4,SYNE2
0,1.09362993001554,0.428,0.172,0,4,MATK
0,1.5088296628446185,0.435,0.185,0,4,CMC1
0,1.425078446069969,0.407,0.157,0,4,TGFBR3
0,1.1164046527351814,0.643,0.395,0,4,PPP2R5C
0,0.28909993481779317,0.464,0.23,0,4,GZMB
0,0.9672185663829602,0.713,0.479,0,4,CD81
0,1.104698397315851,0.386,0.159,0,4,TBX21
0,1.4948932581550598,0.364,0.141,0,4,SAMD3
0,0.3123953883663493,0.91,0.687,0,4,IFITM1
0,0.8394782450127537,0.593,0.379,0,4,LIME1
0,0.8488810953027741,0.851,0.638,0,4,HCST
0,0.7468256033589227,0.612,0.402,0,4,LCK
0,0.8558251910698718,0.834,0.624,0,4,CD99
0,0.7588228965438222,0.78,0.571,0,4,IL2RG
0,0.7998235080191944,0.53,0.324,0,4,PRKCH
0,0.39133563875132604,0.373,0.167,0,4,CCL4
0,0.7555230706776024,0.597,0.392,0,4,SPOCK2
0,0.7745290851677256,0.77,0.566,0,4,LITAF
0,0.8070132401486703,0.764,0.564,0,4,DNAJB1
0,0.4162846420065467,0.85,0.65,0,4,CD69
0,1.082270251517096,0.465,0.266,0,4,CD2
0,0.5901410224782238,0.804,0.607,0,4,ARL4C
0,1.439516097797818,0.299,0.103,0,4,FCRL6
0,1.0191189222729593,0.642,0.45,0,4,PIK3R1
0,0.5049726046667611,0.666,0.476,0,4,PCED1B-AS1
0,0.5624438046766973,0.387,0.198,0,4,HOPX
0,0.8256341986434277,0.663,0.479,0,4,FYN
0,0.9152043344103908,0.45,0.266,0,4,RORA
0,0.6046100749764522,0.382,0.199,0,4,KLRD1
0,0.783201848057451,0.64,0.457,0,4,PLAAT4
0,0.8371053001729645,0.932,0.751,0,4,CXCR4
0,0.9800933496316322,0.488,0.308,0,4,PARP8
0,1.7163658232079961,0.29,0.111,0,4,THEMIS
0,1.1683167846305795,0.367,0.194,0,4,ZBTB38
0,0.920216128681017,0.436,0.265,0,4,RUNX3
0,0.9452775219595501,0.391,0.221,0,4,CD5
0,0.5844126529991478,0.523,0.354,0,4,ZAP70
0,0.9737308133179792,0.38,0.212,0,4,TENT5C
0,1.1025211136297868,0.356,0.188,0,4,GBP5
0,1.230818763826663,0.286,0.119,0,4,MYBL1
0,0.9175978403531964,0.479,0.315,0,4,P2RY8
0,0.7006959343537394,0.383,0.221,0,4,APMAP
0,0.8381593022881695,0.539,0.378,0,4,PAXX
0,0.9580581827123408,0.294,0.134,0,4,ADGRG1
0,1.0620198608634586,0.352,0.192,0,4,TSEN54
0,0.7752629455023328,0.452,0.293,0,4,CD6
0,1.2253361895296138,0.28,0.122,0,4,AUTS2
0,0.8443610352658387,0.505,0.348,0,4,TUBA4A
0,0.6124695172010357,0.654,0.497,0,4,EZR
0,0.621101556131165,0.61,0.454,0,4,ABHD17A
0,1.062316163335552,0.307,0.152,0,4,PYHIN1
0,0.9853092933095638,0.374,0.22,0,4,CBLB
0,0.638793875302538,0.581,0.428,0,4,TRBC2
0,0.6789810576760873,0.442,0.29,0,4,BHLHE40
0,0.6767265318175646,0.295,0.143,0,4,S1PR5
0,0.5066581976980231,0.595,0.443,0,4,ID2
0,0.9015040974468648,0.553,0.402,0,4,YWHAQ
0,1.4842056642109913,0.289,0.138,0,4,CYTOR
0,1.0465256095407978,0.331,0.183,0,4,PRDM1
0,1.0219884818321896,0.32,0.172,0,4,SYTL3
0,0.7658870497015986,0.601,0.454,0,4,ITGA4
0,0.6110553694504163,0.477,0.332,0,4,LAT
0,0.9030447829941525,0.296,0.153,0,4,SH2D2A
0,1.133375409127938,0.313,0.171,0,4,MRPL10
0,0.5262509751067832,0.533,0.393,0,4,ZEB2
0,0.6696294311271336,0.656,0.516,0,4,HSPA5
0,0.4045793076979636,0.851,0.712,0,4,TLE5
0,0.9273833736566792,0.361,0.222,0,4,CLEC2D
0,0.4834647245685866,0.824,0.685,0,4,TNFAIP3
0,0.7791270774447681,0.526,0.388,0,4,CLEC2B
0,0.8274735878352844,0.363,0.225,0,4,OPTN
0,0.9298691726042084,0.383,0.246,0,4,SERTAD1
0,0.8078460704573431,0.373,0.237,0,4,ITM2A
0,0.6756545858681229,0.648,0.512,0,4,SEPTIN7
0,0.7531072395669808,0.429,0.294,0,4,ARPC5L
0,0.6539939109279319,0.441,0.306,0,4,SKAP1
0,0.5593053671930293,0.683,0.55,0,4,SUN2
0,0.8709637264709718,0.347,0.215,0,4,NFATC2
0,0.7823610200332616,0.349,0.217,0,4,TPST2
0,0.752483050310853,0.82,0.689,0,4,SRSF7
0,0.8401292495277264,0.315,0.186,0,4,STAT4
0,0.9953180430641042,0.303,0.176,0,4,ATP2B4
0,0.7209234265371705,0.439,0.314,0,4,ITGAL
0,0.6182209169887516,0.774,0.65,0,4,FLNA
0,0.7587361857953356,0.383,0.259,0,4,RNF125
0,0.44161835271219596,0.82,0.698,0,4,AHNAK
0,0.8328238876961797,0.281,0.16,0,4,STOM
0,1.0182566412306995,0.27,0.151,0,4,TRAC
0,0.6991718767305282,0.512,0.393,0,4,AKNA
0,0.754297503329475,0.539,0.421,0,4,CCNH
0,1.086212081679318,0.274,0.156,0,4,APOBEC3G
0,0.8263003611656123,0.301,0.183,0,4,FKBP11
0,0.6502847235423084,0.563,0.445,0,4,SLC9A3R1
0,0.7574767495174309,0.384,0.272,0,4,RASAL3
0,0.5112816361157391,0.816,0.707,0,4,TGFB1
0,0.858119530804022,0.255,0.147,0,4,CHST12
0,0.6733433341220127,0.49,0.384,0,4,EML4
0,0.5823186563830087,0.681,0.578,0,4,CALR
0,0.756796613659408,0.444,0.341,0,4,SSBP4
0,0.5481113066836936,0.581,0.482,0,4,WIPF1
0,0.558678745362921,0.677,0.58,0,4,GUK1
0,0.45833035021579427,0.654,0.561,0,4,PDIA3
0,0.6007068350030058,0.637,0.547,0,4,SRSF2
0,0.4637950510180775,0.723,0.639,0,4,VAMP2
0,0.5886234001400514,0.862,0.785,0,4,HSP90AA1
0,0.5281102038880228,0.91,0.835,0,4,CD52
0,0.6512583346206884,0.963,0.888,0,4,CALM1
0,0.4819261326698956,0.802,0.729,0,4,MYL12B
0,0.40693617523524717,0.831,0.761,0,4,UBB
0,0.4967478915402861,0.917,0.855,0,4,PTPRC
0,0.33665667354286466,0.978,0.924,0,4,SH3BGRL3
0,0.5004725736752635,0.935,0.882,0,4,ZFP36L2
0,0.534927539211199,0.939,0.887,0,4,JUN
0,0.38696906828443023,0.893,0.845,0,4,MYL12A
0,0.3255796733558234,0.946,0.898,0,4,MT-ND4L
0,0.4378030123875085,0.965,0.925,0,4,KLF2
0,0.4357482175390057,0.957,0.918,0,4,TSC22D3
0,0.3824207403638997,0.961,0.929,0,4,MT-ND5
0,0.293192019784275,0.979,0.959,0,4,HLA-E
0,0.32386724698385017,0.99,0.971,0,4,PFN1
0,0.28518948046708115,0.97,0.956,0,4,BTG1
0,0.2522247811038758,0.992,0.979,0,4,RPL23A
0,0.3307357804883573,0.999,0.989,0,4,RPS27
0,0.6149597109857323,0.999,0.991,0,4,HLA-C
0,0.5445452011823066,0.998,0.991,0,4,HLA-A
0,0.36354661553654566,0.995,0.988,0,4,MT-CYB
0,0.31682793519596775,0.996,0.99,0,4,MT-ATP6
0,0.5646195493694188,0.999,0.995,0,4,HLA-B
0,0.2504361615343802,1,0.997,0,4,MALAT1
0,0.25531327660905756,1,0.999,0,4,MT-CO1
0,0.607809999084715,1,1,0,4,B2M
5e-323,0.685440841912583,0.414,0.299,1.888517e-318,4,CDK17
2.256e-320,0.30162705698771175,0.68,0.531,8.62296645e-316,4,EFHD2
1.007479614e-315,0.9229490808168022,0.297,0.193,3.850990075897e-311,4,DNAJC1
1.09570115e-315,0.5359665129834733,0.494,0.377,4.18820808121e-311,4,GNG2
6.837619361385e-312,0.6724646341864484,0.508,0.408,2.613611624695768e-307,4,TUBB4B
3.14861428773116e-310,0.566893185586116,0.544,0.441,1.2035263253423593e-305,4,ANXA6
1.674478395900865e-309,0.7815245572686299,0.306,0.196,6.400526220491466e-305,4,TC2N
2.46627602214819e-307,0.2977180096683689,0.923,0.872,9.427093467059242e-303,4,RPS29
1.444660202032498e-303,0.6126549516747937,0.451,0.337,5.52206915624902e-299,4,CTSC
6.701332546008683e-294,0.8781092377221481,0.281,0.18,2.5615173523863592e-289,4,ARAP2
1.3866543251525262e-293,0.6475851809618509,0.555,0.464,5.300347492463017e-289,4,HIST1H1E
8.1576385767769e-293,0.7509243596087702,0.341,0.235,3.118175769587202e-288,4,RASSF1
1.8158164959885784e-291,0.7198642911072191,0.445,0.347,6.940776974266742e-287,4,UBE2S
2.1868583291744894e-285,0.48226339200609525,0.693,0.616,8.359047277436569e-281,4,MT-ND6
8.786870563251354e-281,0.41296219848831806,0.753,0.71,3.3586934040971977e-276,4,MYH9
5.525895693939326e-276,0.31217154340107767,0.845,0.782,2.112218370051368e-271,4,HSPA8
3.408006438954106e-273,0.5127922409394357,0.598,0.52,1.3026763812258176e-268,4,IDS
4.652796993523199e-264,0.45004408602063584,0.626,0.554,1.7784851228043076e-259,4,HLA-F
1.8740828701814633e-261,0.7268966861814279,0.391,0.297,7.163494362981625e-257,4,HERPUD2
2.5540916413940984e-261,0.5915532987420592,0.496,0.411,9.762759890064802e-257,4,TERF2IP
1.6527305781361318e-259,0.34225791154765695,0.724,0.663,6.31739736186755e-255,4,PPIB
2.6291878397480774e-256,0.6855432888404394,0.396,0.3,1.004980759865305e-251,4,EMB
1.323436101112311e-253,0.6222147079392625,0.379,0.275,5.058702152891697e-249,4,ITGB7
1.165300331852335e-251,0.6958344201561517,0.385,0.29,4.4542439884723654e-247,4,ACTN4
3.933014456159926e-246,0.26634333565299784,0.971,0.897,1.5033554457225703e-241,4,MTRNR2L12
1.3520798228364262e-245,0.5910785353642852,0.488,0.404,5.1681899148099554e-241,4,ARL6IP1
3.285157614737723e-245,0.711189093403217,0.294,0.195,1.2557186466573473e-240,4,IKZF3
5.81758648277645e-239,0.259146574501107,0.744,0.621,2.22371425717647e-234,4,ANXA1
1.652081356300679e-238,0.685724255919097,0.337,0.238,6.314915776323716e-234,4,CDC25B
5.4929087950306e-234,0.7515561296170683,0.302,0.211,2.0996094578124966e-229,4,RNF19A
2.6952360649663206e-233,0.7589926656784172,0.276,0.185,1.0302270334727265e-228,4,RASGRP1
8.04718520703882e-232,0.35093072709629425,0.774,0.74,3.075956073538519e-227,4,PPDPF
2.0074247220701898e-228,0.6433655673144072,0.373,0.28,7.673180257641094e-224,4,PPP3CC
5.8538656173720805e-223,0.6983563258728563,0.27,0.179,2.237581593584304e-218,4,PTPN4
9.010507457299062e-220,0.31454801126693344,0.701,0.603,3.4441763704779936e-215,4,C12orf57
1.0333656404725241e-217,0.3095523222525345,0.794,0.769,3.949936824142176e-213,4,SRP14
1.533245585828066e-215,0.626879367880766,0.407,0.324,5.860677927269199e-211,4,RNF166
2.0183160357437404e-213,0.6213344012099256,0.322,0.226,7.714811215026874e-209,4,CD96
4.762068084430718e-212,0.5182205164379543,0.552,0.483,1.8202529045927975e-207,4,KLF3
2.5220402616195487e-211,0.3621295848146848,0.717,0.664,9.640246696014562e-207,4,PTP4A2
2.5579027721945213e-210,0.2740734454098366,0.692,0.556,9.777327556436339e-206,4,ETS1
2.7408133826757158e-207,0.5818624257279833,0.38,0.294,1.0476485073939655e-202,4,PIP4K2A
6.246078523737145e-206,0.8688898436549086,0.289,0.211,2.387501054913286e-201,4,SRRT
3.2134964180971293e-205,0.49990944631145806,0.455,0.362,1.2283268708534467e-200,4,STK17A
3.8993532508398125e-204,0.7286998072522672,0.392,0.312,1.4904887866010098e-199,4,ITGB1
1.3866534185658101e-201,0.45165629561075127,0.545,0.469,5.3003440271259526e-197,4,DDX6
1.386114873369307e-200,0.2878719711213078,0.653,0.592,5.298285491966839e-196,4,RAP1B
2.3784095926457105e-199,0.5014606340503187,0.489,0.408,9.091232826928964e-195,4,MYO1G
2.0304465270882317e-198,0.5332644292152056,0.427,0.338,7.761178805142056e-194,4,SEPTIN1
5.675920010502972e-197,0.6631510559947994,0.346,0.265,2.169563664814656e-192,4,ORAI1
6.737938129212913e-196,0.5238749548259083,0.402,0.309,2.5755094705103437e-191,4,SLC38A1
7.217876578948177e-194,0.34984719977401046,0.603,0.53,2.758961143537151e-189,4,HSP90B1
1.460513201150481e-192,0.28850734392084787,0.809,0.794,5.582665660077599e-188,4,RPL36AL
1.9638457417972604e-191,0.5263853640564076,0.483,0.413,7.506603963445848e-187,4,SELENOK
3.8831174972531756e-191,0.7914081431267025,0.263,0.184,1.4842828321500538e-186,4,MAP4K1
2.8467430228934097e-188,0.4554115924719979,0.413,0.331,1.088139053070777e-183,4,ODC1
4.412411639319205e-188,0.6157392466263786,0.352,0.27,1.686600225013373e-183,4,BUB3
7.456689432140002e-187,0.335673410718889,0.872,0.847,2.8502449685411942e-182,4,RPS26
7.927423769799879e-187,0.32364121631689,0.784,0.762,3.0301784617683056e-182,4,TMA7
2.295709356457035e-174,0.5208410684342967,0.349,0.259,8.775119444121371e-170,4,ITK
2.186791400564873e-172,0.5472832289403899,0.431,0.361,8.358791449519171e-168,4,CAPN2
2.614134150092338e-172,0.48043421622616983,0.4,0.308,9.992266375312954e-168,4,LBH
2.005732574613058e-169,0.7078456148600153,0.267,0.193,7.666712193200954e-165,4,TMEM109
2.6783126918275765e-168,0.39706436691557956,0.583,0.522,1.0237582433241728e-163,4,DDX24
2.3053188077270837e-165,0.6010561241807806,0.349,0.273,8.811850610656005e-161,4,CASP8
3.529447934413745e-163,0.3419996888695962,0.681,0.646,1.34909617845031e-158,4,SUB1
7.412299661589863e-160,0.49249776391941724,0.415,0.342,2.8332774226461092e-155,4,DGKZ
7.171633166432108e-157,0.719420773039144,0.278,0.209,2.741285061537009e-152,4,MFSD10
2.577938066138146e-156,0.4541119990206274,0.496,0.428,9.85391046400645e-152,4,IL10RA
3.8781989111163496e-154,0.42077372555531944,0.566,0.516,1.4824027517851134e-149,4,BRD2
1.6104146053288108e-151,0.43815189368137375,0.599,0.543,6.155648787408847e-147,4,GADD45B
9.880074183171323e-149,0.5322040010636333,0.399,0.331,3.7765595557754066e-144,4,CCDC88C
3.7091096322942374e-147,0.32186116565574574,0.537,0.464,1.4177700658481494e-142,4,RBM38
2.519258020143592e-143,0.25019192478198216,0.843,0.796,9.629611856196867e-139,4,KLF6
1.480680148887832e-139,0.5028302788387966,0.359,0.287,5.659751801108849e-135,4,PITPNC1
2.7840197118357565e-138,0.3731991148091709,0.554,0.505,1.0641636946520996e-133,4,LDHA
2.82501894231436e-136,0.40408134461895995,0.51,0.459,1.079835240510241e-131,4,BZW1
8.774268418912634e-136,0.42329935251045037,0.483,0.424,3.353876360445165e-131,4,SBDS
2.115971152488312e-134,0.4891263091770014,0.416,0.354,8.088088133271324e-130,4,CDC42SE2
3.62590470387195e-134,0.6216108415633239,0.339,0.271,1.3859658140080142e-129,4,TSPYL2
1.8706968297825427e-133,0.3779256307580954,0.559,0.512,7.150551562160791e-129,4,RSRP1
6.476386275291936e-131,0.252994887712644,0.803,0.782,2.4755338898675896e-126,4,HSP90AB1
1.7858259521064352e-130,0.5801111468005166,0.277,0.21,6.826141119331638e-126,4,C5orf56
5.695999827679211e-129,0.6082285920899133,0.311,0.247,2.1772389741321016e-124,4,DSTN
8.463685382427184e-128,0.5861838955182701,0.288,0.223,3.235159100578967e-123,4,ZBTB1
6.389099796679388e-125,0.6718377420203167,0.256,0.195,2.4421695062827292e-120,4,CNOT6L
8.707424434739681e-124,0.3403247122431021,0.585,0.546,3.3283259159348955e-119,4,ARF6
1.4536703120403421e-123,0.6435801328718973,0.251,0.189,5.556509400743004e-119,4,ERN1
2.7864931351293113e-123,0.4377924644989778,0.447,0.388,1.065109135971828e-118,4,RESF1
1.6241128428628067e-122,0.4606046441374981,0.361,0.291,6.208008930558792e-118,4,SPN
2.9191727378520105e-121,0.3413357327697064,0.579,0.535,1.1158245873165524e-116,4,PSMB9
1.878983358726917e-120,0.39130601671702003,0.447,0.379,7.182225990397767e-116,4,ACAP1
2.778310886934467e-118,0.463316943825549,0.413,0.352,1.0619815534218307e-113,4,TOB1
3.22380952966232e-117,0.3579183645187909,0.547,0.504,1.2322689546181254e-112,4,KMT2E
4.581189462166344e-116,0.5642859478337136,0.346,0.29,1.7511138600184634e-111,4,GSPT1
2.783112041901444e-115,0.49173597563715027,0.337,0.275,1.063816746896408e-110,4,SNRK
6.652183469703733e-115,0.3372618176536526,0.59,0.555,2.5427306094595548e-110,4,ARL6IP5
7.85156235574017e-115,0.45033590025589076,0.464,0.419,3.0011811948581226e-110,4,C9orf78
1.5761421268743305e-114,0.6701722627573621,0.277,0.218,6.02464566576444e-110,4,CLDND1
2.0758095804627598e-112,0.4394008450352262,0.385,0.327,7.934574540360853e-108,4,DHRS7
2.5259778099539897e-112,0.43414115058850467,0.414,0.355,9.65529758076813e-108,4,MACF1
2.857462664030744e-112,0.5339306058010512,0.33,0.272,1.0922365286991116e-107,4,RABGAP1L
3.5961305379459816e-109,0.2947144153978134,0.553,0.504,1.3745849368244721e-104,4,BIN2
5.809408771133574e-109,0.4856550227695826,0.351,0.292,2.2205884086780973e-104,4,IQGAP2
6.539082168767244e-109,0.3311672518780342,0.58,0.542,2.4994987681895916e-104,4,PPP1CA
6.841998229145644e-109,0.5264301106302487,0.306,0.246,2.615285403108631e-104,4,NFATC3
8.698620282813202e-109,0.38418381699348403,0.529,0.495,3.3249606169025185e-104,4,KRTCAP2
9.171868798199439e-108,0.5748304691516897,0.309,0.253,3.505855129423753e-103,4,TAP2
1.0523182524518146e-107,0.3274291755980292,0.586,0.554,4.022381288171816e-103,4,ARHGDIA
4.407888237293e-107,0.4458793357579331,0.34,0.278,1.6848711998228762e-102,4,PXN
5.132385854437728e-106,0.6325519036115537,0.291,0.226,1.9618031690002773e-101,4,KLRB1
1.2870731909065525e-105,0.48100838027611104,0.342,0.286,4.919708564921206e-101,4,RHOF
1.2992519796711758e-104,0.3390776830625073,0.532,0.486,4.966260767095103e-100,4,RNF213
2.2836974191225997e-104,0.5445281728396361,0.275,0.216,8.729205014854225e-100,4,TBCC
8.735041136689842e-102,0.5051881519001274,0.366,0.313,3.338882124088325e-97,4,HSPE1
2.606449410559301e-100,0.5649230952779973,0.302,0.249,9.9628922269218725e-96,4,RNF167
3.035659968618943e-100,0.5316856975364475,0.295,0.238,1.1603506664049048e-95,4,GABARAPL1
7.387025559370456e-98,0.39987899692833573,0.45,0.405,2.8236166498137634e-93,4,HMGB2
2.315152035500811e-97,0.27123784543928786,0.636,0.611,8.8494371404983e-93,4,ARHGEF1
2.142040934912048e-96,0.5409375032004653,0.26,0.204,8.187737269607812e-92,4,ARHGAP25
1.0482757219074838e-95,0.4936226903894824,0.34,0.288,4.006929119419166e-91,4,GLS
4.617338628304577e-93,0.2919062902817883,0.386,0.331,1.7649315172831415e-88,4,KIF2A
5.917082800555407e-92,0.4824023727042242,0.34,0.29,2.261745729684299e-87,4,MED10
1.4628916743139308e-91,0.3142842712930245,0.449,0.386,5.591757135897569e-87,4,MGAT4A
2.2816374279603833e-91,0.43718640666294784,0.383,0.337,8.721330904635769e-87,4,DIAPH1
3.3864662794630823e-90,0.5549457668482308,0.287,0.238,1.2944428706619685e-85,4,IDH2
1.1874363500898149e-89,0.3305349402572778,0.474,0.42,4.538856704583308e-85,4,CYFIP2
5.629740215399873e-89,0.3245690165848818,0.524,0.485,2.1519118999344473e-84,4,ANKRD12
1.5905714586781335e-88,0.4624876243471967,0.349,0.303,6.079800343651298e-84,4,DNAJB6
3.587895257768736e-88,0.46446803484612065,0.329,0.278,1.3714370833295216e-83,4,TAP1
1.2282494305324844e-85,0.39042854390832427,0.459,0.411,4.694860623267368e-81,4,ADGRE5
1.0192369369759304e-83,0.4975062683387802,0.277,0.225,3.8959312678967966e-79,4,MLLT6
2.3384792421528213e-81,0.5263026757240601,0.312,0.269,8.938603055204945e-77,4,FBXW5
3.8665151532995687e-81,0.47630004521174185,0.321,0.275,1.4779367521972272e-76,4,ARIH2
9.10750728742344e-81,0.284300304648482,0.575,0.545,3.481253585544735e-76,4,SNHG6
2.2489770693642964e-80,0.45906469365397107,0.346,0.3,8.596489949938087e-76,4,PPP1R12A
7.189305766674691e-80,0.3401092909467295,0.421,0.375,2.748040236253734e-75,4,MBP
1.0154251177634545e-78,0.514870204290837,0.255,0.205,3.881360970139029e-74,4,BTN3A2
1.1061918352797338e-78,0.3500623174770585,0.483,0.437,4.228307671173255e-74,4,CITED2
2.591121371206947e-77,0.4979919900269415,0.265,0.217,9.904302329301434e-73,4,SLC2A4RG
8.501586461322727e-77,0.2523903209688396,0.651,0.638,3.249646408975999e-72,4,FUS
1.545342828330048e-75,0.36394192501519307,0.333,0.284,5.906918427008776e-71,4,TMX4
3.718740130355814e-74,0.3072514258947764,0.458,0.412,1.4214512274272064e-69,4,TBC1D10C
1.2722935910833562e-73,0.3488726255997037,0.409,0.37,4.863215022557021e-69,4,BSG
5.176406042590145e-73,0.4950967464773945,0.276,0.232,1.978629445719657e-68,4,ZNF428
6.091340716180152e-73,0.30919704017476324,0.492,0.457,2.328354075352701e-68,4,STK10
7.565627699616555e-73,0.485272700711887,0.311,0.27,2.891885531901432e-68,4,BCL7C
7.045625535600319e-72,0.4667344020215285,0.315,0.271,2.693119904727866e-67,4,GOLGA4
1.040697105644429e-71,0.561232724527869,0.259,0.216,3.977960616615266e-67,4,EPS15
2.58481162918488e-69,0.4124068458218349,0.309,0.265,9.880183971396286e-65,4,SIPA1
2.3668396853198493e-68,0.42041580179196825,0.263,0.213,9.047008013166593e-64,4,S1PR1
3.483774929695147e-67,0.40716842221567556,0.347,0.306,1.331638129126673e-62,4,URI1
7.745093652805349e-67,0.2970950725716922,0.445,0.406,2.9604845978483164e-62,4,HERPUD1
1.0237879875903125e-66,0.3281801526696586,0.452,0.424,3.91332720376521e-62,4,TMEM50A
6.922722769368891e-66,0.531487753905231,0.269,0.229,2.646141551363565e-61,4,MED15
7.131281819935455e-66,0.32172849026213723,0.463,0.436,2.7258611628521285e-61,4,TMEM59
9.627757186704077e-65,0.30460737919780734,0.511,0.486,3.680113907045766e-60,4,EID1
2.0601557681942805e-64,0.33090325935401865,0.416,0.375,7.874739408345818e-60,4,RBL2
2.6403702123866523e-64,0.3730605868914131,0.387,0.353,1.009255109982674e-59,4,SHISA5
2.9682919587966913e-64,0.5303551930238021,0.28,0.241,1.1345999183304473e-59,4,SNHG16
3.167046777323179e-64,0.33892976467579783,0.449,0.419,1.210571960164012e-59,4,RAD21
3.5598007677129554e-64,0.39335283991012693,0.375,0.339,1.3606982454506e-59,4,PDCD4
7.261005755312856e-64,0.40767410652196434,0.402,0.371,2.7754468399107857e-59,4,DNAJA1
1.4778656303222242e-63,0.3146473714370699,0.312,0.266,5.64899358534367e-59,4,IGF2R
1.8521818597857722e-63,0.3948320453692568,0.356,0.32,7.079779940845135e-59,4,RNF126
7.533158604212483e-61,0.3571137100334838,0.384,0.349,2.8794745448741796e-56,4,SIGIRR
1.8922578016171622e-60,0.344398612554503,0.424,0.393,7.232966220901441e-56,4,NUCKS1
1.2342011342484137e-58,0.2606063842256292,0.561,0.55,4.717610415551137e-54,4,SAP18
2.815185888110979e-57,0.3791375274506677,0.366,0.334,1.0760766538715405e-52,4,DYNC1H1
5.489211791816615e-57,0.32965155962754966,0.451,0.427,2.098196315303983e-52,4,RABAC1
2.4606397969298444e-56,0.3575207847305488,0.348,0.31,9.405549559784637e-52,4,HIST1H4C
3.202012646994432e-55,0.392091412020376,0.363,0.333,1.2239373141871518e-50,4,GPS2
3.3912529212371446e-55,0.3131627572569532,0.488,0.469,1.296272516613686e-50,4,GTF3A
1.4951525974392816e-54,0.368692202498368,0.377,0.344,5.71507128845191e-50,4,ZBTB7A
1.964329360038339e-54,0.3369823546052171,0.399,0.367,7.508452545810547e-50,4,KMT2A
3.611279878224777e-54,0.3963312429964267,0.308,0.272,1.380375620652639e-49,4,B4GALT1
1.3389338974667048e-52,0.32407894587014285,0.438,0.415,5.117940929676732e-48,4,SELENOW
2.9290654078378406e-52,0.42294685975528973,0.338,0.31,1.119605961491936e-47,4,WNK1
3.974971829485047e-51,0.40529953996531043,0.326,0.296,1.5193932321023643e-46,4,FBXO7
7.8556587494314e-51,0.359597775235888,0.257,0.216,3.002747000382658e-46,4,OCIAD2
2.7507332631700853e-50,0.3185897937976235,0.394,0.367,1.0514402825141334e-45,4,DDOST
7.31186591348632e-50,0.35608924416997956,0.377,0.349,2.7948876267710112e-45,4,SERINC1
1.0500642703552278e-49,0.2504249414839004,0.559,0.548,4.013765667005823e-45,4,TMBIM6
2.1068841166134012e-49,0.31524426331998523,0.361,0.324,8.053353847343065e-45,4,SPTAN1
2.6261488615591404e-48,0.4404910504457281,0.284,0.252,1.0038191408423658e-43,4,PRNP
3.261466778335594e-48,0.2677609205416879,0.422,0.389,1.2466630613509975e-43,4,PRMT2
5.95063647229848e-48,0.43842600606964566,0.276,0.244,2.2745712851713713e-43,4,MEAF6
6.750215160762524e-48,0.32002466663986,0.277,0.237,2.580202243049867e-43,4,ATP2A3
8.256529796431964e-48,0.3552290304696841,0.352,0.324,3.1559759493881538e-43,4,RPN2
3.017354949393361e-47,0.3022441919350082,0.487,0.476,1.1533537558561184e-42,4,HNRNPUL1
4.401236841720968e-47,0.303056937151129,0.313,0.273,1.682328770379423e-42,4,PBXIP1
4.533832956464745e-47,0.2621056558015207,0.548,0.544,1.733012309279084e-42,4,MORF4L1
3.8975116355793124e-46,0.367411780282723,0.325,0.295,1.4897848475838365e-41,4,SPSB3
1.6656262198357163e-45,0.34358852190166056,0.374,0.351,6.366689662700042e-41,4,RNPEPL1
1.7202319315414703e-45,0.28846459902611854,0.389,0.358,6.575414535124116e-41,4,UTRN
8.596444036633725e-45,0.4003627661432632,0.287,0.256,3.2859047685628753e-40,4,SRPRA
1.0393104036519263e-44,0.2815544338940231,0.481,0.462,3.972660086919123e-40,4,LCP2
3.537265985458802e-44,0.2532601455543093,0.407,0.377,1.3520845502817726e-39,4,PEBP1
5.422368094817833e-44,0.39695036682426416,0.288,0.256,2.0726459805631685e-39,4,SRPK2
1.1496398887968832e-43,0.29951262781994914,0.391,0.366,4.3943835109372066e-39,4,LAMP1
3.835704743206262e-43,0.4160464184840932,0.266,0.234,1.4661597810431617e-38,4,CBX4
4.974232792489419e-43,0.4199064303932738,0.252,0.22,1.9013507426011555e-38,4,DCAF5
1.1143744624062625e-42,0.25687268933158014,0.431,0.402,4.259584945101698e-38,4,FAM107B
1.1396755446549684e-42,0.39121656083151163,0.285,0.252,4.3562958018891513e-38,4,MYLIP
2.043230602633502e-42,0.44345337107368804,0.263,0.227,7.810044655506297e-38,4,RGS1
3.744990754643854e-42,0.36161004141241393,0.318,0.288,1.431485266055067e-37,4,ATF7IP
4.8544666272399523e-42,0.3735354633225571,0.331,0.307,1.8555713235961993e-37,4,TMED2
8.265391437341428e-41,0.3461357150316066,0.264,0.232,3.159363223009387e-36,4,VPS37B
4.995617106330001e-40,0.2742511884294142,0.465,0.455,1.9095246827235795e-35,4,RBM8A
6.3964564826261115e-40,0.44537553198761975,0.26,0.233,2.444981525919005e-35,4,GOLPH3
7.207311067323138e-40,0.3999701677213245,0.253,0.223,2.754922582373596e-35,4,PSTPIP1
9.727434383185975e-40,0.3527960145006286,0.357,0.336,3.718214518629007e-35,4,MAPK1IP1L
5.3744668303109143e-39,0.33703371009347866,0.342,0.32,2.0543362012180437e-34,4,SF3A2
1.550588159736853e-38,0.3981366621175967,0.309,0.286,5.926968181778148e-34,4,MAGOH
3.3963796741413795e-38,0.33946861113819177,0.275,0.243,1.298232166643801e-33,4,PHF1
4.2188301117639807e-38,0.31808236021858666,0.375,0.356,1.612605621920664e-33,4,NDUFC2
4.61503908464993e-38,0.345351918274154,0.285,0.257,1.7640525397165894e-33,4,TMED9
5.613859942420904e-38,0.3048237491373741,0.325,0.294,2.1458418243909662e-33,4,PRDX2
1.0768307055544875e-37,0.2840317822621202,0.401,0.381,4.1160776889114726e-33,4,G3BP2
1.4992779691591793e-37,0.3834552663489033,0.279,0.25,5.730840109314047e-33,4,HIST1H1C
1.7818482038904658e-37,0.2655665829178009,0.373,0.345,6.810936574550917e-33,4,SYTL1
2.2703933180147134e-37,0.3401188764501127,0.326,0.301,8.67835141877944e-33,4,ZNF800
4.819469778021438e-37,0.31157346238488604,0.36,0.34,1.8421941279509142e-32,4,EMD
9.070831859855576e-37,0.3089780307081915,0.413,0.399,3.4672347701111954e-32,4,TRMT112
1.6423252638486806e-36,0.29799724431757896,0.366,0.342,6.277624088535197e-32,4,OGA
2.317831229923778e-36,0.2723645231810299,0.478,0.475,8.85967809326065e-32,4,NDUFB8
7.725876254808146e-36,0.4154155419718849,0.254,0.229,2.9531389396378657e-31,4,EMC4
1.1819710771456237e-35,0.433064227918896,0.266,0.241,4.517966245281432e-31,4,TOMM5
2.4196371574300914e-35,0.3286595082548831,0.408,0.395,9.24882107056078e-31,4,SH3KBP1
4.5436928453196376e-35,0.392699605042643,0.299,0.276,1.7367811531949783e-30,4,SPCS2
7.284208382019266e-35,0.29812882784139677,0.388,0.371,2.784315811943044e-30,4,CFLAR
4.817345937621696e-34,0.33290190792235574,0.275,0.248,1.841382311196517e-29,4,CDK13
4.5982715375431595e-33,0.2504400100233657,0.426,0.409,1.7576433125104972e-28,4,ARID4B
7.116501277276805e-33,0.3234264922690918,0.295,0.268,2.720211448226286e-28,4,NOP58
2.4295319169168857e-32,0.2874417293516426,0.43,0.422,9.286642799223103e-28,4,FNBP1
9.531234919547078e-32,0.3943821231255319,0.29,0.27,3.6432192356476754e-27,4,SCP2
1.0643184012923516e-31,0.3950944093413878,0.283,0.263,4.068250657099885e-27,4,SCAMP2
1.0947668390392527e-31,0.34767382024201543,0.37,0.357,4.184636765543639e-27,4,UBE2V1
1.3860261775655501e-31,0.30988910285945226,0.36,0.343,5.297946461126559e-27,4,THRAP3
1.972804502538192e-31,0.3313611963372578,0.306,0.282,7.540847930501986e-27,4,PRPF4B
1.0794679170781388e-30,0.37052987472581667,0.292,0.27,4.1261581662394776e-26,4,ZNF394
1.714236259445565e-30,0.2640521004571471,0.317,0.289,6.552496678104727e-26,4,NSMCE3
3.2832024214015186e-30,0.36834479500406314,0.281,0.26,1.2549712935565164e-25,4,PPP6R1
4.952638113770269e-30,0.44166086184906983,0.258,0.238,1.8930963926075478e-25,4,KRAS
5.659495738380927e-30,0.32213030183968594,0.366,0.355,2.163285651038726e-25,4,GPI
1.2968545912239375e-29,0.32405252519962774,0.322,0.304,4.957096989494379e-25,4,SELENOT
9.890175539929311e-29,0.28045262283559796,0.387,0.375,3.78042069838258e-24,4,VCP
4.575742324343876e-28,0.32722084902198756,0.295,0.271,1.749031746057203e-23,4,BIN1
2.349791479693424e-27,0.27707820341560785,0.412,0.406,8.981842951980144e-23,4,TAX1BP1
4.817559546780798e-27,0.27674165992076694,0.364,0.348,1.8414639611614922e-22,4,PPP1R18
8.508824860865005e-27,0.31366156322063543,0.332,0.318,3.2524132148170392e-22,4,TSC22D4
2.5556714578459477e-26,0.2979905854650732,0.275,0.25,9.76879858047035e-22,4,AAK1
3.005649600181854e-26,0.30503763207133394,0.339,0.326,1.148879503173512e-21,4,STUB1
5.433985990683975e-26,0.3606389659563257,0.25,0.228,2.0770868050790426e-21,4,ANP32E
1.6882853150104009e-25,0.3315209782504448,0.313,0.298,6.453301788095756e-21,4,MAZ
1.9997591990756343e-25,0.28954424144698115,0.357,0.345,7.643879562546705e-21,4,TBCB
3.548648897437783e-25,0.26009745664088113,0.401,0.394,1.356435554556618e-20,4,H2AFV
5.154185941833598e-25,0.2692144509967565,0.378,0.369,1.9701360344064744e-20,4,SELENOF
1.0986239938375387e-24,0.29098369844815536,0.355,0.341,4.199380354044608e-20,4,RWDD1
4.995237761634637e-24,0.2750499939854018,0.328,0.311,1.9093796820072238e-19,4,TMC6
8.751190609706571e-24,0.31798468111262823,0.256,0.235,3.3450550986542394e-19,4,GOLGA7
1.1593130770575256e-22,0.3271340566850923,0.26,0.241,4.431358305744686e-18,4,BBX
1.7783259410216804e-22,0.32719150715570156,0.268,0.251,6.797473076961271e-18,4,CHIC2
1.9234137494349717e-22,0.3220764578707986,0.284,0.266,7.352056715840235e-18,4,IDI1
3.888817758453984e-22,0.32354608635106624,0.296,0.281,1.4864616999914507e-17,4,REST
5.570642429126402e-22,0.26458739858286656,0.357,0.347,2.129322362109276e-17,4,HSPA9
3.6027936797862996e-21,0.2523422479264961,0.396,0.392,1.377131856161515e-16,4,NDUFB10
2.73981238479677e-20,0.3121563552312258,0.288,0.275,1.0472658859647174e-15,4,SDHA
1.6485709465177179e-19,0.28060467146765233,0.36,0.355,6.301497585969325e-15,4,POMP
1.8243907712080913e-19,0.2635430074018524,0.383,0.38,6.973551283865808e-15,4,TRAM1
4.65448782051535e-19,0.30877383033070516,0.271,0.257,1.7791314245137876e-14,4,S1PR4
8.687158413591388e-19,0.30341119361388935,0.289,0.277,3.320579432011172e-14,4,TNKS2
1.0544464255494496e-18,0.286716361833352,0.261,0.242,4.030516017020216e-14,4,AC004687.1
1.2553149315636092e-18,0.33614547812958684,0.278,0.265,4.7983157944087395e-14,4,IFRD1
1.4610673731704871e-18,0.3260596723425388,0.283,0.271,5.58478392720687e-14,4,SRI
1.487552076125169e-18,0.26095645570097914,0.319,0.306,5.686019055780846e-14,4,TAF7
1.5240208111224461e-18,0.30077024985908773,0.276,0.261,5.825417148434438e-14,4,DDX39A
5.514557423930769e-18,0.32517686757589864,0.266,0.254,2.1078844297232973e-13,4,PIN1
7.33824024630991e-18,0.2804791203558044,0.263,0.248,2.8049689517495e-13,4,PDIA6
2.0121041813226772e-17,0.2756008850252356,0.302,0.29,7.691067022687802e-13,4,FAM177A1
2.1358987234124913e-17,0.3119646099851049,0.286,0.276,8.164259280371907e-13,4,CCDC12
7.068319488129216e-17,0.2523165288660303,0.396,0.396,2.7017944411425117e-12,4,APBB1IP
1.358170948267423e-16,0.2961502113921543,0.326,0.32,5.191472632657397e-12,4,POLR2A
1.3896129360887146e-16,0.26177639114487133,0.369,0.365,5.311656486905503e-12,4,SEC61G
1.976487682519901e-16,0.30640644365935765,0.3,0.293,7.55492651766407e-12,4,PYURF
4.4335915036766226e-16,0.27096619768671004,0.281,0.268,1.6946960163653522e-11,4,BCAS2
1.7227202100049709e-15,0.29154636284191504,0.256,0.244,6.584925730723e-11,4,POLR3GL
2.4093233938477334e-15,0.26124540168631727,0.32,0.311,9.209397740643577e-11,4,RSF1
2.9759104547982526e-15,0.30540920926246296,0.271,0.26,1.137512012242084e-10,4,SNRNP200
4.26398519751632e-15,0.31913309350684826,0.262,0.253,1.629865701898638e-10,4,CORO7
2.3035000335176655e-14,0.2581173414637564,0.309,0.302,8.804898528117924e-10,4,REEP5
3.788084115661558e-14,0.303981980123157,0.307,0.304,1.4479572723704739e-9,4,CIAO2B
5.737274652268824e-14,0.2723445103345015,0.297,0.29,2.193015863083235e-9,4,CTBP1
7.942432356568927e-14,0.2728858628557256,0.332,0.326,3.0359153439749063e-9,4,IER5
5.511895189097062e-13,0.29056300003023905,0.281,0.275,2.106866817080461e-8,4,BUD31
5.58906734081554e-13,0.26692798248022026,0.311,0.308,2.136365100353332e-8,4,ANKHD1
5.954960240415819e-13,0.25046197541708337,0.281,0.27,2.2762240022965425e-8,4,SETD2
1.138760840894845e-12,0.26377765321456254,0.346,0.347,4.352799438236455e-8,4,IK
1.9665437569734843e-12,0.2763623005483387,0.311,0.31,7.516916856655447e-8,4,UBE2L3
3.095755196637852e-11,0.30172621272588995,0.25,0.242,1.1833214663628525e-6,4,BRD7
4.496648692562801e-11,0.30571057746955466,0.271,0.266,1.7187989962452052e-6,4,DNAJC8
4.293631368233961e-10,0.25755688993900394,0.267,0.26,1.6411976541937493e-5,4,UHMK1
7.758755958432865e-10,0.2784966571491892,0.296,0.296,2.965706877551378e-5,4,RPN1
1.3991759295828708e-8,0.2624257235546428,0.303,0.305,5.348210073237565e-4,4,LSM8
2.032017869353673e-8,0.25865242581799,0.262,0.26,7.76718510381748e-4,4,PUF60
6.249236291643761e-8,0.26688906682447444,0.289,0.289,0.0023887080801179112,4,DYNLT1
7.219038811948213e-8,0.2617874282117635,0.27,0.268,0.0027594053954790847,4,PCM1
1.0414476711117657e-7,0.29616813286910987,0.258,0.258,0.003980829578057613,4,SNRPA
1.2525273909257334e-7,0.27147190756612827,0.285,0.287,0.004787660699074523,4,NIN
3.911648039313167e-7,0.26499876175601084,0.256,0.256,0.01495188346547065,4,SNRPD1
0.0019390583211650238,0.2626167839173888,0.253,0.261,1,4,MICOS13
0,3.6108884341072924,0.985,0.151,0,5,SERPINA1
0,4.206776217459751,0.925,0.102,0,5,LILRB2
0,5.142896238819578,0.867,0.049,0,5,SMIM25
0,4.929607884681767,0.889,0.072,0,5,MS4A7
0,7.051728332704178,0.829,0.022,0,5,CDKN1C
0,3.1753307119276855,0.956,0.16,0,5,CD68
0,4.143760120922362,0.999,0.206,0,5,LST1
0,2.9513122746199696,0.988,0.201,0,5,SPI1
0,3.395713021383519,0.916,0.131,0,5,CFD
0,5.0726153601219455,0.819,0.048,0,5,CSF1R
0,3.2702714968123026,0.88,0.111,0,5,C5AR1
0,3.6549082289943513,0.847,0.092,0,5,PILRA
0,3.3431918539233765,0.999,0.248,0,5,AIF1
0,2.6082659612137236,0.999,0.248,0,5,CST3
0,4.278534488925757,0.817,0.066,0,5,LRRC25
0,3.031611742664324,0.943,0.199,0,5,FCGR3A
0,3.652650392173972,0.877,0.135,0,5,WARS
0,3.4119388986242907,0.835,0.098,0,5,LILRA5
0,4.082775279392555,0.81,0.076,0,5,HMOX1
0,3.011986100748321,0.832,0.098,0,5,MAFB
0,3.5708798935098582,0.84,0.107,0,5,HCK
0,2.885826931727879,0.951,0.219,0,5,IFI30
0,2.35384021963089,0.954,0.223,0,5,TYMP
0,5.00713181220634,0.761,0.033,0,5,TCF7L2
0,3.5449342398587715,0.902,0.176,0,5,PECAM1
0,2.6062642968599965,0.883,0.163,0,5,CYBB
0,2.8877774871589312,0.997,0.279,0,5,FCER1G
0,2.114592774743848,0.881,0.17,0,5,FCN1
0,2.935770656776326,0.962,0.268,0,5,LYN
0,2.0118782974439924,0.873,0.183,0,5,KLF4
0,2.6720823593736944,0.83,0.142,0,5,CFP
0,5.325473776074696,0.701,0.024,0,5,HES4
0,2.523229370004936,0.857,0.184,0,5,BCL2A1
0,2.9648863089050623,0.795,0.127,0,5,CALHM6
0,1.8885687934390538,0.895,0.229,0,5,NAMPT
0,1.8665518058472,0.813,0.152,0,5,PLAUR
0,2.658877178092842,0.83,0.172,0,5,BID
0,2.7425693488484044,0.876,0.221,0,5,RHOC
0,2.6757503027552323,0.823,0.168,0,5,MTSS1
0,2.2804975390181426,0.905,0.251,0,5,FGR
0,2.654713793767027,0.818,0.174,0,5,NR4A1
0,2.2052794648032257,0.777,0.134,0,5,NCF2
0,4.90173274943846,0.675,0.032,0,5,SIGLEC10
0,2.3190357633779044,0.922,0.28,0,5,ASAH1
0,2.4138444437528834,0.89,0.25,0,5,RHOB
0,2.5360941217961974,0.79,0.15,0,5,FGL2
0,2.499098768395541,0.749,0.11,0,5,CLEC7A
0,1.1392567128886495,0.891,0.253,0,5,CEBPD
0,2.0740553927071916,0.916,0.278,0,5,PYCARD
0,2.5221510884962433,0.938,0.302,0,5,TIMP1
0,3.5083063288737883,0.708,0.076,0,5,CXCL16
0,2.8764839050174302,0.742,0.113,0,5,TBXAS1
0,3.565620439751336,0.705,0.077,0,5,RRAS
0,2.846398588780499,0.722,0.095,0,5,SLC7A7
0,2.369199445956765,0.95,0.323,0,5,STXBP2
0,2.5646917366302224,0.749,0.125,0,5,MARCKS
0,2.2877372785763144,0.965,0.343,0,5,NPC2
0,0.9630778672175975,0.97,0.35,0,5,HLA-DRA
0,2.038682710678552,0.904,0.286,0,5,ANXA5
0,2.049739652818096,0.851,0.234,0,5,CTSZ
0,2.758689522790526,0.717,0.1,0,5,C19orf38
0,2.3928330691675423,0.725,0.109,0,5,SLC11A1
0,3.6533624097999433,0.674,0.059,0,5,AC090559.1
0,3.5399638243389537,0.677,0.062,0,5,SECTM1
0,2.4338787146720513,0.784,0.171,0,5,LGALS9
0,1.8662565253382035,0.832,0.222,0,5,CD83
0,3.2130194422787364,0.69,0.08,0,5,LMO2
0,1.7317276139591438,0.818,0.208,0,5,LGALS3
0,1.8682862963200186,0.999,0.393,0,5,TYROBP
0,2.9787392606687613,0.765,0.16,0,5,CUX1
0,2.3131920259037786,0.942,0.339,0,5,TNFRSF1B
0,2.239026902552509,0.754,0.151,0,5,STX11
0,2.2683263017753656,0.788,0.187,0,5,POU2F2
0,2.1392654013728594,0.847,0.248,0,5,LYST
0,2.4053455040231753,0.995,0.399,0,5,CTSS
0,1.6900575267271738,0.817,0.225,0,5,RNF130
0,3.4236778764228086,0.65,0.059,0,5,HK3
0,1.8081061169219854,0.95,0.362,0,5,BRI3
0,4.061149522234649,0.627,0.043,0,5,LILRA1
0,1.710947154263844,0.788,0.209,0,5,FCGRT
0,4.466364519215646,0.613,0.034,0,5,ZNF703
0,2.5504197383223004,0.719,0.142,0,5,MAPKAPK3
0,2.832608984126476,0.672,0.096,0,5,CPPED1
0,2.471779291613353,0.743,0.168,0,5,UNC119
0,2.413385439595176,0.724,0.151,0,5,HSBP1
0,2.3376250945261563,0.943,0.372,0,5,NFKBIZ
0,2.4543818323865487,0.688,0.12,0,5,ITGAX
0,3.2314868890495503,0.642,0.077,0,5,FAM110A
0,1.6670669224496668,0.902,0.338,0,5,CEBPB
0,2.126248041368413,0.913,0.35,0,5,PTPN6
0,1.4207999408385672,0.872,0.313,0,5,RGS2
0,2.411801388598111,0.997,0.439,0,5,S100A11
0,2.066542093617925,0.873,0.316,0,5,VASP
0,3.2234315789958723,0.992,0.437,0,5,IFITM3
0,1.9284238244017025,0.849,0.294,0,5,TCIRG1
0,1.7180430933670547,0.884,0.331,0,5,FKBP1A
0,2.218835912931865,0.73,0.178,0,5,MYD88
0,1.5934163183809429,0.937,0.385,0,5,TKT
0,2.505907684502567,0.661,0.109,0,5,EMILIN2
0,2.6925544413297495,0.64,0.091,0,5,IGSF6
0,3.729546515992498,0.595,0.047,0,5,CAMK1
0,2.1561085124554658,0.7,0.153,0,5,SH3BP2
0,1.826522108790136,0.725,0.178,0,5,IFNGR2
0,2.435212962429767,0.675,0.13,0,5,PIK3AP1
0,2.116685400935695,0.664,0.124,0,5,RAB31
0,2.9190596835293587,0.623,0.083,0,5,LILRB1
0,2.110751053130573,0.744,0.205,0,5,NAAA
0,2.258486664035854,0.672,0.135,0,5,ABI3
0,1.7093614247811928,0.862,0.326,0,5,SOD2
0,2.614598279952478,0.622,0.086,0,5,PRAM1
0,1.9879510735157762,0.758,0.223,0,5,EHBP1L1
0,1.6698340377923004,0.767,0.239,0,5,NINJ1
0,1.0766609262125364,0.945,0.418,0,5,HLA-DRB1
0,2.2120645775672796,0.952,0.425,0,5,VSIR
0,1.5611912950498767,0.82,0.294,0,5,C1orf162
0,1.9224784325497961,0.894,0.368,0,5,ZFAND5
0,1.5957165245573388,0.976,0.453,0,5,HLA-DPA1
0,3.136979891702986,0.587,0.064,0,5,PLXNB2
0,3.225478676944603,0.59,0.07,0,5,OAS1
0,1.2207910064881486,0.833,0.314,0,5,HLA-DRB5
0,2.4568148466205564,0.63,0.112,0,5,C15orf39
0,3.6467411852718534,0.562,0.045,0,5,ADGRE2
0,3.857387476715477,0.56,0.044,0,5,SLC2A6
0,1.655367202915731,0.82,0.304,0,5,RNH1
0,1.698333008279932,0.796,0.281,0,5,CMTM6
0,2.6195905435458995,0.6,0.086,0,5,RXRA
0,2.2826163156178274,0.619,0.106,0,5,MPEG1
0,1.8850180220873063,0.709,0.196,0,5,CASP1
0,1.8273617071231556,0.884,0.372,0,5,CSTB
0,1.1853664708328466,0.882,0.371,0,5,PLEK
0,1.4871452251852622,0.652,0.141,0,5,TNFAIP2
0,1.5076625904425793,0.885,0.374,0,5,ANXA2
0,1.6189959773341505,0.849,0.338,0,5,SYNGR2
0,1.5972053804325568,0.737,0.227,0,5,CTSB
0,1.715725768221316,0.729,0.22,0,5,GRINA
0,4.202926245940401,0.532,0.027,0,5,CTSL
0,1.7045104188132867,0.706,0.201,0,5,THEMIS2
0,2.1810981906663782,0.61,0.106,0,5,TIMP2
0,2.1147531905627934,0.666,0.162,0,5,C20orf27
0,2.202365149413379,0.626,0.124,0,5,AMPD2
0,1.74625852042617,0.754,0.252,0,5,RGS19
0,1.9195273181553896,0.697,0.196,0,5,JPT1
0,3.0761991699596223,0.567,0.069,0,5,RNF144B
0,1.668139257193741,0.824,0.327,0,5,CTSC
0,1.216119795821108,0.97,0.474,0,5,LGALS1
0,1.8128899342180294,0.703,0.208,0,5,ATG3
0,1.1740149519979648,0.751,0.256,0,5,APLP2
0,1.901096229974089,0.673,0.179,0,5,RAB24
0,1.5563069354256653,0.917,0.423,0,5,ALDOA
0,1.1132193371430998,0.878,0.386,0,5,ZEB2
0,2.3835205935314163,0.597,0.105,0,5,TESC
0,1.779221216787472,0.613,0.122,0,5,CD302
0,2.060065214096985,0.608,0.118,0,5,DUSP6
0,1.3663539902755355,0.824,0.334,0,5,PGLS
0,2.488110881779839,0.592,0.103,0,5,UNC93B1
0,1.2415805187013613,0.811,0.323,0,5,ATP2B1-AS1
0,1.7018103356127134,0.738,0.251,0,5,LTA4H
0,1.4855958847420894,0.733,0.247,0,5,CARD16
0,1.5363067303175626,0.803,0.319,0,5,CHCHD10
0,1.4633684858764797,0.711,0.227,0,5,GLUL
0,2.6970941803123303,0.574,0.09,0,5,SNX18
0,2.840765145318122,0.999,0.515,0,5,COTL1
0,1.2074618411654665,0.847,0.364,0,5,ATP6V0B
0,2.9723920549147844,0.544,0.062,0,5,LILRA2
0,1.639531939220611,0.902,0.421,0,5,PRELID1
0,1.9659337567065909,0.648,0.168,0,5,INSIG1
0,2.950826035121361,0.547,0.069,0,5,CD86
0,3.4142309423473955,0.522,0.044,0,5,P2RX1
0,1.0437061841019228,0.708,0.232,0,5,GRN
0,1.453744958872969,0.893,0.419,0,5,ARRB2
0,1.4085713051051552,0.924,0.452,0,5,GNG5
0,1.9913256294467316,0.566,0.096,0,5,CPVL
0,1.5937912216617347,0.921,0.452,0,5,RHOG
0,1.8577202116496476,0.647,0.178,0,5,MBD2
0,1.874523337748613,0.618,0.149,0,5,SNX10
0,2.002597411893689,0.596,0.127,0,5,BLVRA
0,1.1748526194474107,0.707,0.238,0,5,AP1S2
0,2.717485111439313,0.542,0.074,0,5,CLEC12A
0,1.4014722863024591,0.746,0.278,0,5,SPN
0,1.9883819204777478,0.609,0.145,0,5,ARAP1
0,2.236886663723069,0.588,0.125,0,5,LFNG
0,1.941789711855006,0.574,0.112,0,5,TNFSF13B
0,4.015805620643213,0.492,0.032,0,5,GPBAR1
0,2.43848214540522,0.548,0.089,0,5,RELT
0,4.383870159902912,0.483,0.024,0,5,TBC1D8
0,3.3146814143375907,0.507,0.049,0,5,SLC8A1
0,1.9547795473109066,0.598,0.14,0,5,SEC14L1
0,2.383030077697347,0.55,0.093,0,5,CDK2AP1
0,1.6378182645363424,0.932,0.476,0,5,RNASET2
0,1.1934523302022044,0.777,0.321,0,5,H2AFY
0,1.877641081965552,0.726,0.271,0,5,MT2A
0,1.482461298843913,0.686,0.232,0,5,MGAT1
0,1.7832588958732667,0.632,0.18,0,5,RAB10
0,1.7823187086029582,0.565,0.113,0,5,TGFBI
0,2.156377502308285,0.54,0.089,0,5,DMXL2
0,1.018100943263789,0.768,0.317,0,5,MYO1F
0,1.3824693143047937,0.851,0.4,0,5,GDI2
0,1.3887665153273665,0.677,0.227,0,5,PLEKHO1
0,1.8756567895231817,0.546,0.098,0,5,RAB32
0,6.22466415298445,0.455,0.008,0,5,CKB
0,1.806742591926604,0.597,0.15,0,5,NOTCH2
0,1.6898664478494618,0.682,0.236,0,5,VAMP5
0,0.7621720239411721,0.777,0.331,0,5,TALDO1
0,2.2230327613890806,0.535,0.09,0,5,TMEM176B
0,1.2476085489578703,0.881,0.436,0,5,ARPC5
0,1.1619678522464933,0.953,0.508,0,5,TSPO
0,2.191583006317177,0.54,0.096,0,5,ALOX5
0,1.159561366588877,0.762,0.318,0,5,AP2S1
0,2.4437210328645653,0.516,0.073,0,5,CD300E
0,1.38163174821965,0.737,0.296,0,5,UBE2R2
0,1.326365403776118,0.768,0.328,0,5,RNF149
0,2.950798880597735,0.502,0.062,0,5,SIDT2
0,5.510368349968646,0.449,0.01,0,5,NEURL1
0,1.2880091723953182,0.836,0.397,0,5,ADGRE5
0,2.053727365923279,0.566,0.128,0,5,GCH1
0,3.2073857987975956,0.483,0.046,0,5,EPB41L3
0,1.7721043257670979,0.987,0.55,0,5,NEAT1
0,1.9192450291258263,0.545,0.109,0,5,ZNF385A
0,3.302712219528532,0.482,0.046,0,5,DAPK1
0,1.5390172169433276,0.901,0.465,0,5,DRAP1
0,1.9522568642384033,0.567,0.133,0,5,PRKACA
0,1.2189269913404255,0.661,0.228,0,5,RILPL2
0,1.0963734128744282,0.795,0.362,0,5,SEC11A
0,2.4248431678024103,0.51,0.077,0,5,FCGR2A
0,1.1550812633598129,0.669,0.237,0,5,METRNL
0,1.1951696051824698,0.732,0.3,0,5,RIN3
0,2.0616172192234763,0.537,0.107,0,5,ARRB1
0,1.3278504507832776,0.665,0.236,0,5,UBE2J1
0,1.2584702606585605,0.657,0.228,0,5,ATP6V0D1
0,1.2116782119906389,0.855,0.426,0,5,MTPN
0,1.8376321638835627,0.578,0.15,0,5,RARA
0,2.034347525597356,0.551,0.124,0,5,ZMIZ1
0,2.3074175415919442,0.522,0.095,0,5,GNS
0,1.0785218881096792,0.709,0.282,0,5,PTPN18
0,1.6989843095612083,0.954,0.527,0,5,NAP1L1
0,2.3486173127850902,0.513,0.087,0,5,FAM49A
0,1.8463783272813465,0.55,0.125,0,5,HOTAIRM1
0,1.3884048811205048,0.905,0.48,0,5,GNB2
0,1.270580934669264,0.857,0.432,0,5,CSK
0,1.3329699435726499,0.647,0.227,0,5,CAPZA2
0,1.4681883857700884,0.623,0.203,0,5,ADA2
0,0.9225777229770212,0.559,0.14,0,5,CSTA
0,0.8265233476785085,0.897,0.478,0,5,HLA-DPB1
0,1.0489026084996707,0.817,0.398,0,5,MYO1G
0,1.1158151508308232,0.903,0.485,0,5,ZYX
0,0.995831004237267,0.798,0.38,0,5,TRAPPC5
0,1.7142645028047276,0.533,0.116,0,5,G0S2
0,2.684615714231847,0.477,0.06,0,5,IRAK3
0,1.2294410690112816,0.765,0.349,0,5,PKN1
0,1.4374055962004815,0.567,0.152,0,5,CD300A
0,1.2703961542336621,0.662,0.248,0,5,MAP3K1
0,1.7913246983193392,0.514,0.102,0,5,LRP1
0,1.2110485798663997,0.836,0.425,0,5,WASF2
0,1.2826176146177037,0.758,0.349,0,5,POLD4
0,1.1441038737706475,0.738,0.329,0,5,ZBTB7A
0,1.9436994480492475,0.528,0.12,0,5,AP2A1
0,1.3727394352921753,0.574,0.166,0,5,CTSH
0,1.1180531947510102,0.541,0.134,0,5,MNDA
0,2.253990377310004,0.488,0.081,0,5,SLC43A2
0,1.300992644496625,0.645,0.245,0,5,BEST1
0,4.477463283484229,0.419,0.019,0,5,CDH23
0,2.3949907571470175,0.474,0.074,0,5,TNFSF13
0,2.912768863559813,0.451,0.053,0,5,TTYH3
0,1.0665114752089142,0.783,0.385,0,5,BLOC1S1
0,1.0493923854994496,0.84,0.442,0,5,CAPNS1
0,2.2135811622169608,0.494,0.097,0,5,RASGEF1B
0,2.850707576389232,0.451,0.054,0,5,FGD2
0,0.8755092389250048,0.741,0.344,0,5,CNPY3
0,3.048667544305516,0.443,0.046,0,5,SCIMP
0,1.331551346405477,0.6,0.203,0,5,MAP2K3
0,0.9764821980333751,0.709,0.312,0,5,RBX1
0,0.9400194523748351,0.84,0.444,0,5,GRB2
0,1.4343599642066338,0.574,0.178,0,5,BACH1
0,1.8009647286967203,0.531,0.136,0,5,RNPEP
0,1.024869478696955,0.704,0.309,0,5,IER5
0,1.0837168850320786,0.722,0.327,0,5,TMBIM4
0,1.1522456244228827,0.655,0.261,0,5,ZNF706
0,1.0847443639650267,0.598,0.204,0,5,GSTO1
0,1.1301194783476518,0.806,0.413,0,5,GRK2
0,1.2500152181356503,0.959,0.566,0,5,GSTP1
0,2.8781023334029747,0.999,0.606,0,5,PSAP
0,4.404053660338807,0.411,0.018,0,5,CALML4
0,3.1400098056509695,0.438,0.046,0,5,SLC31A2
0,1.1410952254481823,0.643,0.252,0,5,NOP10
0,1.3345313830028847,0.505,0.114,0,5,FPR1
0,2.465087154546128,0.451,0.061,0,5,LINC00877
0,2.7657148533457723,0.443,0.053,0,5,DOCK5
0,2.1933280607582457,0.473,0.083,0,5,PAK1
0,2.940518525021937,0.438,0.049,0,5,KDM1B
0,1.7586458720208467,0.552,0.163,0,5,RRP12
0,1.3266678321793062,0.637,0.249,0,5,TMPO
0,3.3768376981219093,0.422,0.034,0,5,CD300LF
0,1.4143859769834335,0.581,0.193,0,5,PLCB2
0,2.549610669001629,0.999,0.612,0,5,SAT1
0,1.2373206057745865,0.584,0.197,0,5,CD4
0,2.0634234677239056,0.481,0.095,0,5,C9orf72
0,1.1095196853945213,0.729,0.343,0,5,WSB1
0,0.846300023382413,0.904,0.519,0,5,RAC1
0,3.023918770908898,0.442,0.057,0,5,APOBEC3A
0,1.4397751925139097,0.561,0.177,0,5,EPN1
0,1.2187452621459869,0.594,0.21,0,5,PPT1
0,3.3260077014400573,0.419,0.035,0,5,CHST15
0,1.8167281293512731,0.491,0.107,0,5,ODF3B
0,1.8554142638389735,0.502,0.119,0,5,SH2B3
0,1.215685248682286,0.603,0.22,0,5,PARVG
0,1.3890394718472086,0.564,0.181,0,5,CDKN1A
0,1.0093273210309635,0.718,0.335,0,5,MIDN
0,2.270252805153786,0.448,0.066,0,5,LYL1
0,2.3953579078563516,0.454,0.073,0,5,NUDT16
0,1.0000835850678398,0.656,0.275,0,5,SUPT4H1
0,1.2062452798189813,0.577,0.196,0,5,C4orf48
0,1.3020224413879204,0.615,0.235,0,5,PABPC4
0,0.39952587090841307,0.642,0.263,0,5,HLA-DQB1
0,0.8943594502962835,0.86,0.481,0,5,SAMHD1
0,1.5281042999279009,0.535,0.157,0,5,IMPDH1
0,1.0357314455255184,0.917,0.539,0,5,TPI1
0,3.411066825770812,0.413,0.035,0,5,CD300C
0,1.381533569103123,0.555,0.179,0,5,MIS18BP1
0,1.3052333842966313,0.583,0.207,0,5,TRIM8
0,1.1537765816751175,0.87,0.494,0,5,PSME2
0,0.8386175533241377,0.774,0.399,0,5,COX5A
0,2.634741626187512,0.435,0.06,0,5,CEBPA
0,1.8043959847658917,0.488,0.114,0,5,ITPK1
0,1.0972845340350166,0.627,0.254,0,5,VPS29
0,1.174891547368754,0.637,0.265,0,5,ARL4A
0,10.242025226761122,0.373,0.001,0,5,LYPD2
0,1.1173634835425525,0.625,0.253,0,5,TSPAN14
0,1.0197164679901067,0.895,0.524,0,5,CAP1
0,2.582438253771579,0.429,0.058,0,5,LILRB3
0,1.0373543028072147,0.809,0.439,0,5,SH3BGRL
0,0.9640692901204826,0.685,0.316,0,5,MYO9B
0,1.768048558776003,0.493,0.124,0,5,CNIH4
0,1.1904815224199898,0.588,0.219,0,5,ZNF106
0,1.5634258255196622,0.492,0.123,0,5,SNN
0,3.550651397907194,0.402,0.033,0,5,ZDHHC1
0,1.032500327069806,0.625,0.257,0,5,UQCRC1
0,2.734939433034242,0.422,0.054,0,5,SIRPB1
0,2.193611641718685,0.45,0.082,0,5,ETS2
0,1.319917053455505,0.563,0.195,0,5,ACAA1
0,5.066175057275417,0.378,0.011,0,5,LINC02432
0,0.9952002865980702,0.601,0.234,0,5,SNX2
0,1.116420696857741,0.613,0.246,0,5,DOCK2
0,1.3306805846934806,0.556,0.19,0,5,ATP1B3
0,0.897542091245712,0.789,0.423,0,5,EVI2B
0,1.2542709690190876,0.569,0.203,0,5,VMP1
0,1.2704713483416061,0.568,0.202,0,5,PFKL
0,1.625336256155021,0.501,0.136,0,5,VPS35
0,0.7596112305928235,0.676,0.312,0,5,ITGAL
0,2.2691809920306407,0.453,0.09,0,5,TNFSF10
0,1.8055662236036514,0.47,0.107,0,5,PDLIM5
0,1.0754538652859367,0.914,0.552,0,5,LRRFIP1
0,1.496228594387346,0.512,0.15,0,5,RNF13
0,0.85870965499185,0.895,0.534,0,5,LAMTOR4
0,2.1717875144742753,0.438,0.077,0,5,SULF2
0,0.9344644124612933,0.659,0.299,0,5,DOK2
0,3.060159567938453,0.4,0.041,0,5,ALDH3B1
0,0.8716290114488777,0.652,0.293,0,5,RIOK3
0,1.6714491733294847,0.481,0.122,0,5,ARHGAP27
0,0.7754304477951741,0.667,0.309,0,5,SDCBP
0,1.9358620452866744,0.455,0.097,0,5,DENND5A
0,0.9536573514619513,0.614,0.256,0,5,ATP2B1
0,1.2710019755455568,0.543,0.187,0,5,FLII
0,1.3405969738288677,0.921,0.566,0,5,LY6E
0,2.2083450950100656,0.431,0.076,0,5,RALB
0,0.9861308932241103,0.648,0.294,0,5,DOCK8
0,0.8737725853528872,0.668,0.314,0,5,BST2
0,1.0446031432030338,0.595,0.241,0,5,HM13
0,1.4290386120709961,0.467,0.114,0,5,MEF2C
0,2.879557390110229,0.397,0.045,0,5,ADAP2
0,0.8542667453522558,0.657,0.305,0,5,NDUFS7
0,0.7452338177618361,0.723,0.371,0,5,COX7B
0,0.9833463328534033,0.611,0.259,0,5,SH3BP1
0,0.7094999130663509,0.596,0.245,0,5,MAP3K8
0,1.048253954263434,0.585,0.234,0,5,CHMP4B
0,0.8636266732565733,0.637,0.287,0,5,REEP5
0,0.8270468461622535,0.715,0.365,0,5,MOB1A
0,0.9146922346594584,0.601,0.251,0,5,QKI
0,1.0643140849031791,0.553,0.204,0,5,CDC42EP3
0,0.9290698044431127,0.66,0.311,0,5,PRDX1
0,1.303138747660771,0.959,0.61,0,5,ATP6V0C
0,1.0902159578026005,0.556,0.208,0,5,RAB8A
0,0.7677118620903347,0.768,0.42,0,5,IL10RA
0,1.3722266582159186,0.565,0.217,0,5,ISG15
0,1.3644890283277746,0.494,0.147,0,5,NBEAL2
0,0.8862295820753829,0.821,0.475,0,5,KLF3
0,0.7026184519143139,0.838,0.493,0,5,TLN1
0,0.7368397104444713,0.62,0.275,0,5,NCOA4
0,0.7240242704470801,0.727,0.382,0,5,PGAM1
0,0.9855613912698975,0.584,0.239,0,5,NCKAP1L
0,1.5815774059650995,0.468,0.124,0,5,NAGK
0,1.200183796821881,0.537,0.193,0,5,CCT5
0,1.3243573721675068,0.52,0.176,0,5,CAT
0,1.0583778418589098,0.508,0.164,0,5,SYK
0,2.4683843482299253,0.404,0.061,0,5,NAGA
0,0.7769757784356299,0.814,0.471,0,5,ACTR2
0,1.5709704329901513,0.471,0.128,0,5,YPEL2
0,2.383132838883729,0.402,0.06,0,5,BTK
0,0.6694283425194669,0.743,0.401,0,5,PSMB3
0,0.4708569092537793,0.686,0.345,0,5,AC020916.1
0,0.8206771329488699,0.655,0.314,0,5,RTN4
0,0.7835539254028312,0.777,0.436,0,5,WAS
0,0.8669509181176459,0.622,0.281,0,5,DBNL
0,2.29048629663078,0.42,0.079,0,5,FBP1
0,1.1227160531699292,0.854,0.513,0,5,TUBA1B
0,4.521504898623686,0.356,0.016,0,5,MYOF
0,0.7920548818340661,0.557,0.219,0,5,AGTRAP
0,1.0035732734695373,0.545,0.207,0,5,ICAM2
0,1.4536541910338967,0.466,0.128,0,5,PHTF2
0,2.2302517297379425,0.401,0.063,0,5,JDP2
0,0.7899221819794668,0.643,0.305,0,5,MMP24OS
0,0.801962890093917,0.701,0.363,0,5,SELPLG
0,0.786253025350407,0.901,0.564,0,5,COX8A
0,0.8484049982033283,0.524,0.187,0,5,PGD
0,1.1020206713919087,0.574,0.237,0,5,PLEC
0,2.474095002089081,0.398,0.062,0,5,PLXNC1
0,0.6744442960781409,0.692,0.356,0,5,ATP5MF
0,1.1707008422753828,0.507,0.172,0,5,SNX9
0,0.6918817357918152,0.866,0.531,0,5,PPP1CA
0,0.9109622110560285,0.608,0.273,0,5,M6PR
0,5.181466868401332,0.344,0.01,0,5,BATF3
0,0.8022903528985177,0.63,0.297,0,5,CAPZA1
0,2.210579817351805,0.402,0.069,0,5,KIAA0930
0,0.6412416541651444,0.771,0.439,0,5,ARPC4
0,0.5959136022114158,0.783,0.451,0,5,WDR83OS
0,1.55075675374785,0.453,0.122,0,5,NADK
0,2.2616530230287566,0.398,0.067,0,5,PHF19
0,0.8263474702222091,0.859,0.528,0,5,TAF10
0,1.9546461368777495,0.429,0.098,0,5,OTUD1
0,0.5701171147906607,0.77,0.44,0,5,CTSD
0,0.684355639048333,0.729,0.399,0,5,TUBB
0,2.2497933482423753,0.397,0.068,0,5,IRF5
0,0.9965445684268928,0.86,0.531,0,5,PGK1
0,0.6609597415432505,0.718,0.389,0,5,RAB5C
0,1.172160674936514,0.553,0.225,0,5,IFI6
0,0.7343643755347908,0.911,0.583,0,5,ELOB
0,1.267636377812213,0.445,0.117,0,5,CX3CR1
0,1.2018090517703794,0.501,0.173,0,5,TBC1D1
0,1.3933120772515661,0.47,0.142,0,5,CACUL1
0,1.6730061119937285,0.435,0.108,0,5,PIK3CG
0,1.9527779850555957,0.405,0.079,0,5,KLF11
0,0.6528812300932305,0.763,0.437,0,5,PSMB10
0,0.9151777079809433,0.884,0.558,0,5,SLC25A5
0,0.8974962094699367,0.562,0.237,0,5,MAN2B1
0,1.031924175341156,0.528,0.203,0,5,PSMA4
0,0.8959662153442411,0.582,0.257,0,5,UBE2L6
0,3.5695082318174904,0.352,0.027,0,5,LPCAT2
0,1.4936265677351928,0.455,0.131,0,5,RIPK2
0,0.7656434903939631,0.599,0.275,0,5,CLTA
0,0.6259860338339966,0.937,0.614,0,5,CLIC1
0,1.8181840071742248,0.415,0.092,0,5,CTNNA1
0,0.9558946378322746,0.541,0.219,0,5,CORO1B
0,0.5508709284978179,0.778,0.456,0,5,ITGA4
0,0.640199751601866,0.769,0.447,0,5,STK10
0,2.8175096040300796,0.361,0.04,0,5,MCTP1
0,0.8330619425204825,0.581,0.26,0,5,PCGF5
0,0.6670021107238522,0.79,0.47,0,5,H2AFZ
0,0.77619177583612875,0.917,0.597,0,5,COX6B1
0,0.6142367485489687,0.666,0.347,0,5,UTRN
0,1.213222191593648,0.493,0.175,0,5,SGK1
0,2.1831637247102993,0.387,0.069,0,5,SLC16A3
0,0.7768598465135133,0.593,0.275,0,5,ENY2
0,1.8367110268569913,0.413,0.095,0,5,MFSD12
0,0.7238942696034724,0.726,0.409,0,5,CDV3
0,1.4901037977577363,0.433,0.116,0,5,EIF4EBP1
0,0.7689789130354818,0.619,0.302,0,5,SSH2
0,0.8751909855073098,0.599,0.282,0,5,CHMP1B
0,0.705155273221393,0.843,0.526,0,5,PSMB9
0,1.7626858472975402,0.409,0.092,0,5,TENT5A
0,0.6790006123257234,0.747,0.431,0,5,ACTR3
0,0.5602795435119902,0.728,0.412,0,5,SNX3
0,0.8683111783390662,0.916,0.601,0,5,HIGD2A
0,0.9996364965454498,0.529,0.214,0,5,PAG1
0,1.4881646162695574,0.4,0.085,0,5,CDA
0,0.5165680494717868,0.747,0.432,0,5,BRK1
0,0.513120832877601,0.493,0.178,0,5,HLA-DQA1
0,0.6488431028350339,0.646,0.331,0,5,GLIPR1
0,1.0052199272030617,0.513,0.198,0,5,STX10
0,1.2890494685519065,0.455,0.141,0,5,IRF7
0,2.3485601846826007,0.37,0.056,0,5,HRH2
0,8.462786029046425,0.315,0.001,0,5,AC104809.2
0,0.512678239963638,0.72,0.406,0,5,CDKN2D
0,0.6555145203777457,0.637,0.324,0,5,PPP4C
0,0.8828903073983427,0.461,0.149,0,5,ATF3
0,0.7941889881230275,0.912,0.6,0,5,COX5B
0,0.6214919334506586,0.804,0.492,0,5,FMNL1
0,0.7809226781724791,0.582,0.27,0,5,SHKBP1
0,1.509903523794793,0.429,0.118,0,5,NBPF14
0,0.7676072541385861,0.596,0.285,0,5,AKIRIN2
0,1.3588655835668044,0.447,0.136,0,5,NUMB
0,0.9266093508440341,0.926,0.616,0,5,MSN
0,0.6498198404481117,0.895,0.585,0,5,RAP1B
0,2.0317723602828592,0.381,0.071,0,5,SH2D3C
0,1.3671939728429785,0.449,0.139,0,5,MAP3K11
0,0.7368050411092453,0.509,0.199,0,5,YBX3
0,1.8117446553226777,0.387,0.078,0,5,PLXDC2
0,1.9938470967924666,0.386,0.077,0,5,MIR22HG
0,1.2191834583101233,0.462,0.154,0,5,HK1
0,0.5916224789211976,0.543,0.235,0,5,PTPRE
0,0.8658610209771495,0.54,0.232,0,5,OGFR
0,1.0500359703276896,0.508,0.2,0,5,GBP2
0,1.4501527151954032,0.423,0.115,0,5,SKAP2
0,0.77481658881665,0.561,0.254,0,5,LAPTM4A
0,0.9425914917939856,0.484,0.177,0,5,PTPRJ
0,1.1106298556989476,0.482,0.175,0,5,ATG16L2
0,2.191183810423789,0.368,0.061,0,5,PLEKHO2
0,0.617576174246532,0.69,0.383,0,5,PAK2
0,0.5102391466376635,0.698,0.391,0,5,UQCR10
0,0.5644634240432189,0.659,0.353,0,5,ACAP2
0,1.413887531286418,0.422,0.116,0,5,PRKCD
0,2.3635540335490663,0.361,0.055,0,5,PPM1F
0,1.578873576317206,0.408,0.102,0,5,SCO2
0,1.5752201849356766,0.4,0.095,0,5,DENND3
0,1.0900094017335231,0.491,0.186,0,5,NCOR2
0,0.5567563419845525,0.647,0.342,0,5,POMP
0,1.82139658856502,0.393,0.089,0,5,NAPRT
0,0.5978242765356258,0.723,0.419,0,5,GNB1
0,0.6214409620415023,0.712,0.408,0,5,ARHGAP4
0,2.569594522220583,0.35,0.046,0,5,RASGRP4
0,1.3682651234653924,0.439,0.135,0,5,SAMSN1
0,1.1416668498911604,0.469,0.165,0,5,MAP3K3
0,0.5846547164542946,0.636,0.333,0,5,TBCB
0,0.46612342898812575,0.777,0.475,0,5,IQGAP1
0,1.9200380218559683,0.379,0.077,0,5,RNF141
0,0.5209999315166662,0.831,0.529,0,5,ENO1
0,1.1008415000996103,0.448,0.147,0,5,UBXN11
0,0.5854995394487795,0.752,0.451,0,5,LCP2
0,3.4963622475547975,0.326,0.025,0,5,PDK4
0,1.962697818443625,0.367,0.066,0,5,LRRK2
0,1.3863062811336038,0.418,0.117,0,5,SCPEP1
0,0.4868938326633323,0.74,0.439,0,5,MYADM
0,1.1729630416217325,0.978,0.677,0,5,ARPC1B
0,0.6008209847504706,0.839,0.538,0,5,GPX4
0,1.0148030103836319,0.935,0.635,0,5,CALM2
0,0.5350978748286037,0.681,0.381,0,5,RAB7A
0,0.7667809615781999,0.547,0.247,0,5,CYC1
0,0.7953882335493743,0.518,0.218,0,5,TMEM179B
0,1.1214449197460872,0.446,0.146,0,5,JAML
0,1.6995572150558613,0.393,0.093,0,5,SULT1A1
0,5.753161631806728,0.307,0.007,0,5,MS4A4A
0,0.5322732474697982,0.622,0.322,0,5,ANAPC11
0,1.462395088492026,0.429,0.13,0,5,PFKFB3
0,0.6726526465826536,0.64,0.341,0,5,MICOS10
0,1.003392407496111,0.391,0.093,0,5,CD79B
0,1.5680542902115158,0.403,0.105,0,5,PNPLA6
0,1.2012628016307423,0.434,0.136,0,5,MXD1
0,1.0606253644087582,0.955,0.657,0,5,PTP4A2
0,0.8069119377564578,0.916,0.619,0,5,CAPZB
0,1.565826559802716,0.402,0.105,0,5,DPEP2
0,2.3444374033351396,0.353,0.056,0,5,KYNU
0,0.46169840778161897,0.719,0.422,0,5,WDR1
0,0.9107758696515084,0.489,0.192,0,5,RTN3
0,1.0468393786699302,0.398,0.102,0,5,MPP1
0,0.79235837761261,0.452,0.156,0,5,BLVRB
0,0.645260662197277,0.826,0.53,0,5,SMAP2
0,0.7489762174989147,0.927,0.632,0,5,SERP1
0,1.7746276718919964,0.381,0.086,0,5,AGPAT3
0,1.4257137734379408,0.98,0.685,0,5,IFITM2
0,0.8780801190712293,0.509,0.215,0,5,STAT6
0,0.7473269625852268,0.543,0.249,0,5,MVP
0,1.870748635426521,0.375,0.081,0,5,OAZ2
0,1.1079926836911427,0.447,0.154,0,5,MLX
0,0.6056694422426308,0.85,0.557,0,5,PRR13
0,0.790113489118121,0.517,0.225,0,5,SSR3
0,0.9722763329641497,0.472,0.18,0,5,EIF4E2
0,0.797076618734561,0.509,0.218,0,5,SPG21
0,0.6888145839013451,0.634,0.343,0,5,GPI
0,1.2150717083148526,0.435,0.145,0,5,ERGIC1
0,1.092046693184535,0.451,0.161,0,5,PTGER2
0,1.6200065627588294,0.385,0.095,0,5,LACTB
0,0.9993561504226618,0.482,0.192,0,5,LSM6
0,2.000670577665495,0.359,0.069,0,5,CAMKK2
0,0.5599738433828211,0.658,0.369,0,5,RASSF5
0,1.524911726188173,0.378,0.089,0,5,MARCH1
0,0.488655607672966,0.809,0.52,0,5,PSMA7
0,0.5782697030787471,0.606,0.317,0,5,SP110
0,2.408704302503139,0.339,0.051,0,5,SMCO4
0,0.9800108118950437,0.462,0.174,0,5,GMIP
0,1.1152386150641234,0.423,0.135,0,5,MFSD1
0,1.301926284796091,0.415,0.127,0,5,WASHC4
0,0.8910916037817926,0.481,0.193,0,5,CYTH4
0,0.9940377105160453,0.53,0.243,0,5,MARCKSL1
0,2.171983841140243,0.341,0.054,0,5,DOK3
0,1.9145107108990862,0.353,0.066,0,5,HHEX
0,0.9738111658968295,0.479,0.192,0,5,MED13L
0,0.5906871069989503,0.843,0.556,0,5,ARL6IP4
0,0.702447253801018,0.494,0.208,0,5,IFNGR1
0,0.7762830893503616,0.51,0.224,0,5,CALCOCO2
0,0.5153883853150196,0.829,0.543,0,5,NDUFA13
0,0.7309578207042237,0.551,0.266,0,5,RABGAP1L
0,0.9456782781649378,0.46,0.175,0,5,SNX5
0,1.0002503185852816,0.43,0.146,0,5,OGFRL1
0,0.6974100583238857,0.544,0.26,0,5,SRI
0,0.6370208095085648,0.543,0.259,0,5,BANF1
0,2.793595900540156,0.321,0.037,0,5,LILRA6
0,1.2747867353284499,0.403,0.119,0,5,SNAP29
0,2.5701473781709474,0.328,0.044,0,5,GRK3
0,0.5429927795507635,0.575,0.291,0,5,NDUFA6
0,0.7371327735793256,0.488,0.205,0,5,PICALM
0,2.4830399444286346,0.325,0.042,0,5,KIAA0513
0,0.7776205309017479,0.5,0.217,0,5,NAA38
0,0.9117148889500132,0.463,0.18,0,5,FAM32A
0,1.150769686744945,0.423,0.14,0,5,MPC1
0,0.6622147295070924,0.53,0.248,0,5,RNF181
0,0.613878496137952,0.534,0.252,0,5,MAPK1
0,0.5670123297874563,0.729,0.447,0,5,VAMP8
0,0.9437144988644481,0.448,0.167,0,5,SNAP23
0,0.6301136392248196,0.563,0.282,0,5,MKRN1
0,0.6267668102056904,0.563,0.282,0,5,TACC1
0,1.7440993510692642,0.364,0.083,0,5,FKBP15
0,1.1890997370479337,0.413,0.132,0,5,CHP1
0,0.594045207729438,0.884,0.604,0,5,HMGN2
0,1.1378989200985647,0.425,0.145,0,5,GUSB
0,0.867813693060574,0.494,0.214,0,5,ANKRD13D
0,1.7266928449228294,0.363,0.083,0,5,GAA
0,0.5004128088357476,0.52,0.241,0,5,HLA-DMA
0,1.8041564235451708,0.319,0.04,0,5,PLD4
0,0.8318036602025682,0.475,0.196,0,5,SDHB
0,0.9087750303167362,0.459,0.181,0,5,LAMTOR2
0,1.0409719533700983,0.439,0.161,0,5,NDUFB5
0,0.6403260022400136,0.519,0.242,0,5,HACD4
0,2.33711461319316,0.327,0.05,0,5,SLC15A3
0,2.5641108042920417,0.321,0.044,0,5,PLAGL2
0,1.205226123531649,0.415,0.138,0,5,MRPS35
0,1.2479517829568194,0.971,0.695,0,5,GNAI2
0,0.6078115035610487,0.761,0.485,0,5,PTGES3
0,0.6250133007611596,0.546,0.271,0,5,SNX17
0,1.067601115748313,0.425,0.15,0,5,ARRDC1
0,2.2875189871500314,0.325,0.05,0,5,MCOLN1
0,1.3485341571385843,0.403,0.128,0,5,PDXK
0,0.803443653571974,0.476,0.201,0,5,VDAC1
0,0.7965685431672778,0.469,0.194,0,5,ERICH1
0,0.529361330202131,0.556,0.282,0,5,SASH3
0,1.2019119927962711,0.4,0.126,0,5,ZDHHC7
0,0.850426560526393,0.962,0.688,0,5,RNASEK
0,0.6351780658355621,0.562,0.289,0,5,ABRACL
0,1.3305197366609125,0.382,0.109,0,5,VAMP3
0,1.2027847481859189,0.401,0.128,0,5,TUT7
0,0.6735538913257486,0.54,0.267,0,5,TM9SF2
0,1.1819003823365906,0.987,0.714,0,5,GABARAP
0,0.466868995302427,0.923,0.651,0,5,FLNA
0,0.7208718403328815,0.875,0.603,0,5,ATP5F1B
0,0.6009026472486806,0.525,0.253,0,5,TAOK3
0,1.0469370971871337,0.412,0.14,0,5,UBE2D1
0,0.7139427269919294,0.895,0.624,0,5,HCLS1
0,1.1863403769369745,0.396,0.125,0,5,SCLT1
0,0.48773223531989096,0.84,0.569,0,5,UCP2
0,1.1151570802180848,0.407,0.136,0,5,MANBA
0,1.6402154008168532,0.356,0.085,0,5,ADA
0,1.4164473532269424,0.377,0.107,0,5,AL139246.5
0,0.6944812189540581,0.484,0.214,0,5,TPP1
0,0.6698217601306786,0.489,0.219,0,5,MIEN1
0,0.5943061114538686,0.91,0.64,0,5,NME2
0,0.6034753498055858,0.519,0.25,0,5,CLTB
0,1.3876011555670889,0.379,0.11,0,5,ATP6V1B2
0,0.6098226588819884,0.517,0.248,0,5,SSNA1
0,0.5052580423238813,0.596,0.327,0,5,NUCB1
0,0.8313937566983545,0.949,0.68,0,5,LCP1
0,1.056867584503821,0.42,0.152,0,5,HDLBP
0,0.7655165946628865,0.484,0.216,0,5,IDH3G
0,0.7848118636783719,0.465,0.197,0,5,EIF6
0,1.5860672426887064,0.354,0.086,0,5,DENND10
0,0.4995425035535751,0.558,0.291,0,5,NAPA
0,0.6670269698784446,0.487,0.22,0,5,TMOD3
0,0.8325205078494979,0.447,0.18,0,5,YWHAH
0,0.5656552175350683,0.542,0.276,0,5,PSMD4
0,1.4427687376463967,0.36,0.094,0,5,CCDC88A
0,0.6373790663639545,0.508,0.242,0,5,NDUFS6
0,0.46205017076592875,0.452,0.187,0,5,LIMS1
0,1.1038252330895852,0.402,0.137,0,5,MICAL1
0,1.227668048384849,0.374,0.109,0,5,C11orf21
0,3.278497747797851,0.288,0.023,0,5,MXD3
0,0.5608896935748129,0.529,0.265,0,5,TWF2
0,0.5070380232043302,0.514,0.25,0,5,UPP1
0,2.7432526836289064,0.299,0.035,0,5,CARD9
0,1.2151881987122097,0.352,0.088,0,5,SWAP70
0,1.2470316250987834,0.389,0.125,0,5,FAM89B
0,1.2811718527424991,0.387,0.123,0,5,STAT2
0,1.6162691638333255,0.347,0.083,0,5,ACOT9
0,1.2632433866509762,0.378,0.115,0,5,ELF4
0,0.7205010262702604,0.513,0.251,0,5,CTNNB1
0,0.8647012058184682,0.432,0.17,0,5,PRKAR1A
0,3.960520555271099,0.277,0.015,0,5,ADGRE1
0,0.679195095132544,0.494,0.233,0,5,PPP1CB
0,0.6454425329978317,0.495,0.234,0,5,TLE4
0,1.088241268142685,0.395,0.134,0,5,PRDX3
0,3.627353900813957,0.281,0.02,0,5,TPPP3
0,0.8970495888675281,0.436,0.177,0,5,PLK3
0,0.7398234957982022,0.462,0.203,0,5,CMTM7
0,0.5145493835502355,0.53,0.271,0,5,STMP1
0,1.4642565069462266,0.355,0.096,0,5,JAK2
0,0.5481086309114929,0.49,0.232,0,5,GLRX
0,0.5353342507814032,0.895,0.637,0,5,COX6A1
0,1.428802699438955,0.358,0.1,0,5,PIEZO1
0,5.679051140196023,0.263,0.005,0,5,ICAM4
0,0.9630391647941501,0.414,0.157,0,5,OGDH
0,0.48518367478403013,0.918,0.662,0,5,MCL1
0,0.7438507015513848,0.443,0.187,0,5,ERP44
0,0.5805713408848128,0.879,0.623,0,5,TUBA1A
0,2.5701928280518995,0.294,0.038,0,5,MEFV
0,2.0701091940140777,0.313,0.058,0,5,RBM47
0,1.1151080188542486,0.383,0.128,0,5,FOXO3
0,0.8710088912631063,0.421,0.166,0,5,LYPLA1
0,1.576313004911504,0.338,0.083,0,5,NANS
0,5.021909425678178,0.262,0.007,0,5,PAPSS2
0,1.260040142326427,0.373,0.118,0,5,CERT1
0,0.6958987371660811,0.439,0.185,0,5,RAB11FIP1
0,0.77728805225736,0.44,0.186,0,5,CIAO2A
0,2.5261651391323205,0.288,0.035,0,5,CHST7
0,1.0798579476272874,0.38,0.127,0,5,RRBP1
0,1.0867926426283914,0.37,0.118,0,5,LEPROT
0,0.6936887901285628,0.465,0.213,0,5,PDCD6IP
0,0.969609954000476,0.396,0.144,0,5,ATOX1
0,1.4144290624323972,0.327,0.075,0,5,TMEM176A
0,1.6693668240136215,0.328,0.076,0,5,SLC49A4
0,0.8124329098977854,0.428,0.177,0,5,LSM10
0,1.6397268753570629,0.327,0.076,0,5,SLC6A6
0,1.4439043147587278,0.343,0.092,0,5,PITPNM1
0,0.48607187705231303,0.488,0.237,0,5,AL133415.1
0,1.7774192998723257,0.32,0.069,0,5,IPMK
0,5.147028464554331,0.258,0.007,0,5,AC064805.1
0,0.9495181966088737,0.392,0.142,0,5,SFT2D2
0,2.144317285381857,0.3,0.05,0,5,LTBR
0,1.3299369630295286,0.351,0.102,0,5,SNX27
0,0.7683499035641563,0.429,0.18,0,5,UBE2A
0,0.8402365876215525,0.428,0.179,0,5,KLF10
0,1.7721140597046574,0.321,0.072,0,5,WDR11
0,1.5805463404978854,0.33,0.081,0,5,PSEN1
0,2.4064356630373878,0.29,0.041,0,5,PPCDC
0,1.5537874829966327,0.33,0.082,0,5,BCL6
0,1.0469391910932355,0.382,0.134,0,5,TET2
0,0.6775089931195597,0.579,0.331,0,5,PLAC8
0,3.059161841056414,0.273,0.026,0,5,P2RY13
0,1.4422588091245916,0.336,0.089,0,5,IL10RB
0,1.6938073892521,0.317,0.07,0,5,SVIL
0,1.2458000318804896,0.363,0.116,0,5,RASSF2
0,0.8007716184165277,0.412,0.165,0,5,NDUFB3
0,0.7179804158020073,0.44,0.194,0,5,AP1M1
0,2.3346430520864296,0.307,0.062,0,5,TNF
0,1.160784189590855,0.359,0.114,0,5,UBAC1
0,0.8865019509098022,0.397,0.153,0,5,DEDD2
0,1.526436460970847,0.315,0.071,0,5,TRIB1
0,1.0793750602891428,0.372,0.128,0,5,COMMD9
0,0.9921557174650866,0.378,0.134,0,5,ARHGAP1
0,0.7260264085670433,0.424,0.18,0,5,FIBP
0,1.826183172835785,0.305,0.061,0,5,CD33
0,0.7305872334272792,0.432,0.189,0,5,NUDT3
0,1.0536776973319868,0.365,0.122,0,5,SFT2D1
0,1.361291597637783,0.345,0.102,0,5,FRAT1
0,0.5344578825642494,0.961,0.718,0,5,ITGB2
0,0.5849141037457504,0.469,0.226,0,5,CHMP2A
0,1.3206506377635399,0.336,0.094,0,5,STK40
0,0.5616041255986942,0.455,0.213,0,5,MXD4
0,0.5993782709711308,0.447,0.205,0,5,SERPINB6
0,0.7647044646533522,0.426,0.184,0,5,MTMR14
0,2.0000694957413634,0.298,0.056,0,5,RP2
0,1.8711391107236293,0.303,0.061,0,5,GAB2
0,1.502277220681172,0.316,0.074,0,5,CORO1C
0,1.8054329011443677,0.305,0.063,0,5,RNF135
0,2.4554592686329992,0.282,0.04,0,5,GNB4
0,1.0760380299813714,0.369,0.128,0,5,GBP4
0,1.1151867012043017,0.363,0.122,0,5,CBL
0,1.5764459765425505,0.319,0.078,0,5,ITPRID2
0,0.6564046786154284,0.456,0.216,0,5,FAM120A
0,0.6788789504234447,0.434,0.194,0,5,GNAI3
0,0.9924410334263578,0.362,0.122,0,5,HLA-DQA2
0,1.1202502855307492,0.346,0.106,0,5,CD151
0,0.5110008544682014,0.414,0.174,0,5,ILK
0,1.8238099451653813,0.304,0.064,0,5,ROGDI
0,1.0339294002339288,0.34,0.101,0,5,NLRP3
0,0.5937247074129135,0.445,0.206,0,5,BAG1
0,2.2401323186085427,0.281,0.042,0,5,NFAM1
0,0.6553026656489731,0.965,0.726,0,5,S100A10
0,1.5719731933252796,0.302,0.063,0,5,CHST2
0,1.695366969826851,0.308,0.069,0,5,SCARB2
0,0.43549606477488684,0.472,0.233,0,5,AC004687.1
0,0.8836287853802436,0.388,0.15,0,5,PLEKHB2
0,1.0957549197493857,0.354,0.116,0,5,TMEM127
0,1.776305088463991,0.302,0.064,0,5,CCNG2
0,1.9601808415416606,0.289,0.051,0,5,TLR2
0,1.1844067873100796,0.348,0.11,0,5,FRAT2
0,1.2442024294888543,0.334,0.097,0,5,TRAK1
0,1.010975561194108,0.352,0.115,0,5,LAIR1
0,0.5690943339452911,0.448,0.212,0,5,PSMB2
0,0.786989608391783,0.403,0.167,0,5,ETV6
0,0.49988967327845324,0.459,0.224,0,5,SH3GLB1
0,0.5412993372669339,0.978,0.743,0,5,SRGN
0,1.1515032502068934,0.349,0.114,0,5,IFI35
0,1.7117942048250632,0.319,0.084,0,5,ICAM1
0,0.6271222794248008,0.379,0.145,0,5,IL1B
0,0.2685226365926137,0.438,0.204,0,5,AOAH
0,0.9933861573222912,0.366,0.132,0,5,CTBS
0,1.6720096910332565,0.301,0.067,0,5,SBF2
0,0.90938578708694,0.368,0.134,0,5,SLC66A3
0,1.1888342500405984,0.338,0.105,0,5,MIIP
0,0.5473928661621535,0.434,0.201,0,5,TADA3
0,1.3795551912784307,0.319,0.087,0,5,RIPOR1
0,0.7850629908069702,0.387,0.155,0,5,PTTG1IP
0,1.6912841408765726,0.302,0.07,0,5,RHOQ
0,1.0824351093597975,0.347,0.115,0,5,DYNC1LI1
0,1.7129962371613963,0.298,0.066,0,5,NACC2
0,1.0195997373525638,0.358,0.126,0,5,VAV1
0,0.7029612644231258,0.412,0.181,0,5,IFNAR2
0,0.7593085476973966,0.406,0.176,0,5,DECR1
0,0.6282586236673899,0.384,0.154,0,5,MARCH2
0,0.48238956397202903,0.928,0.699,0,5,YWHAB
0,0.5479820037642672,0.451,0.222,0,5,IQSEC1
0,0.8168895376560793,0.391,0.162,0,5,ADK
0,0.8223059489244035,0.389,0.16,0,5,GRASP
0,1.293297748624863,0.324,0.095,0,5,MTHFS
0,1.1122836170879555,0.981,0.752,0,5,EMP3
0,2.9260602288188333,0.255,0.027,0,5,RBBP8
0,0.7186427127668019,0.41,0.182,0,5,AKR1A1
0,1.4102179348523571,0.306,0.078,0,5,ST3GAL5
0,1.1032907273768635,0.332,0.105,0,5,ANXA4
0,0.33932657371335273,0.39,0.163,0,5,VCL
0,2.0617733789435153,0.279,0.053,0,5,OAS3
0,1.3974431575656907,0.313,0.087,0,5,MTHFD2
0,0.6632101256229195,0.404,0.179,0,5,ANKRD13A
0,0.6357380778072271,0.399,0.174,0,5,IL17RA
0,0.5746117058542913,0.417,0.192,0,5,RAPGEF1
0,0.4522111374348161,0.926,0.702,0,5,GMFG
0,1.790979685889921,0.274,0.05,0,5,SOX4
0,1.1746267729611035,0.333,0.109,0,5,MX2
0,0.6247424020194291,0.416,0.192,0,5,PHPT1
0,1.2315347830420258,0.325,0.102,0,5,MID1IP1
0,1.004829410441542,0.328,0.105,0,5,RAP1GAP2
0,1.2576350355265387,0.322,0.099,0,5,PPP1R9B
0,0.5921120953472068,0.417,0.194,0,5,SNF8
0,0.7657160149477769,0.376,0.154,0,5,TMEM167A
0,1.5793617775846234,0.292,0.07,0,5,LY96
0,1.219269212996804,0.989,0.767,0,5,ARPC3
0,0.9290465461458202,0.35,0.128,0,5,PLEKHM1
0,1.2632464604277573,0.311,0.09,0,5,DENND1A
0,1.0948736847005311,0.318,0.097,0,5,GAS7
0,0.8676594002161655,0.359,0.138,0,5,TXNDC17
0,0.8918505830824232,0.358,0.137,0,5,TBC1D22A
0,1.6358339909744752,0.281,0.061,0,5,ANPEP
0,1.0649915627424786,0.333,0.113,0,5,NRIP1
0,0.8981875974288478,0.368,0.148,0,5,TMEM14C
0,1.1298129741404634,0.317,0.097,0,5,STX7
0,2.4868767833856604,0.253,0.033,0,5,SH2B2
0,1.6147154205756031,0.288,0.068,0,5,RYBP
0,1.0788964346664867,0.33,0.111,0,5,PRCP
0,0.7702835105313904,0.376,0.157,0,5,SLC38A10
0,1.3593918067704012,0.291,0.072,0,5,CTBP2
0,1.0308616501803898,0.328,0.11,0,5,ARPC1A
0,1.9336500409777626,0.267,0.049,0,5,APH1B
0,1.6043567654546966,0.276,0.058,0,5,PSTPIP2
0,0.9490073601081174,0.319,0.102,0,5,GCA
0,0.6780729935987905,0.389,0.172,0,5,PCMT1
0,1.6305411156379632,0.279,0.062,0,5,CALHM2
0,0.9090973515497811,0.359,0.142,0,5,LAP3
0,0.8341332932902296,0.359,0.142,0,5,DELE1
0,1.19659242957227,0.304,0.088,0,5,CLIP4
0,0.7739672351737091,0.359,0.143,0,5,TMEM134
0,0.5450597587684829,0.841,0.625,0,5,SEPTIN9
0,2.308812410864205,0.25,0.035,0,5,TLR4
0,1.034770917805231,0.324,0.11,0,5,RTL8C
0,2.4022635470591824,0.25,0.036,0,5,EVI5
0,0.7848038724393833,0.356,0.142,0,5,HAGH
0,0.8470919055675007,0.351,0.137,0,5,CNDP2
0,1.2929744214420715,0.304,0.091,0,5,MCRIP2
0,0.7620637808854452,0.346,0.133,0,5,GYG1
0,1.4077902484500329,0.286,0.073,0,5,CLEC4A
0,1.911087333773065,0.261,0.049,0,5,EPS8
0,2.04893402203976,0.254,0.042,0,5,KCNE3
0,0.5957125831930805,0.383,0.171,0,5,VTI1B
0,0.844485489381763,0.345,0.133,0,5,FAM117B
0,0.9268950589576007,0.32,0.109,0,5,NEDD9
0,1.168922702841661,0.304,0.093,0,5,SIPA1L1
0,1.1941309378064724,0.307,0.096,0,5,ALDH16A1
0,0.7757519235560143,0.343,0.133,0,5,NPTN
0,1.1277142087615215,0.307,0.097,0,5,YIF1A
0,0.7631935164062322,0.374,0.164,0,5,DUSP5
0,1.2117939130822328,0.311,0.101,0,5,EPSTI1
0,1.2512972487240515,0.299,0.09,0,5,OAS2
0,1.450553513381882,0.269,0.061,0,5,PYGL
0,1.0574294105859319,0.312,0.104,0,5,ME2
0,1.8764558720862154,0.262,0.054,0,5,ARID3A
0,1.6871135658597984,0.256,0.049,0,5,GPR137B
0,1.4814520706786318,0.263,0.056,0,5,EAF2
0,1.9611776078630807,0.256,0.049,0,5,SLC1A5
0,0.6978468056222362,0.368,0.161,0,5,HIPK3
0,0.6971357424624102,0.376,0.169,0,5,CSGALNACT2
0,0.5746836830320876,0.944,0.737,0,5,CDC42
0,1.4757327846814587,0.281,0.075,0,5,NBPF10
0,1.778474164538228,0.261,0.055,0,5,METTL7A
0,1.4118094121868314,0.307,0.101,0,5,NEU1
0,0.7215227473637048,0.347,0.141,0,5,ACTR1A
0,0.7691068303018822,0.346,0.14,0,5,SMS
0,0.5832755995978651,0.921,0.716,0,5,CRIP1
0,1.4013913399754947,0.279,0.074,0,5,OSBPL11
0,0.9544697416972006,0.323,0.118,0,5,DICER1
0,0.9652809075609465,0.33,0.126,0,5,NSMF
0,1.8421245552307979,0.25,0.046,0,5,NAPSA
0,1.432239292116998,0.284,0.08,0,5,GBP1
0,1.0260431665327685,0.986,0.782,0,5,RHOA
0,1.6294294302960797,0.262,0.059,0,5,MAPK7
0,0.8238923017499484,0.338,0.137,0,5,LIPA
0,0.6304915863197483,0.354,0.153,0,5,BORCS7
0,1.2333330446259358,0.283,0.083,0,5,CBR1
0,0.9091039244080518,0.312,0.113,0,5,LAMP2
0,0.6813070690204421,0.347,0.148,0,5,LRRFIP2
0,0.6402035064973071,0.361,0.162,0,5,TRIM38
0,1.1099667496568149,0.29,0.091,0,5,WAC-AS1
0,0.547704206444771,0.902,0.704,0,5,EIF4A1
0,0.7744358324996702,0.333,0.135,0,5,ERCC1
0,1.732993046783767,0.253,0.056,0,5,NOCT
0,0.766497883243402,0.332,0.135,0,5,GNG10
0,0.9692470788599232,0.304,0.107,0,5,SPTLC2
0,1.728286312374958,0.25,0.054,0,5,STK32C
0,0.7838119825899682,0.299,0.103,0,5,PLCG2
0,1.3928417132069306,0.999,0.803,0,5,S100A4
0,0.9120670685130201,0.979,0.783,0,5,TPM3
0,0.7890589642342292,0.325,0.13,0,5,AAMP
0,0.8432995366292688,0.316,0.121,0,5,CYB5R4
0,0.7828472812730358,0.323,0.128,0,5,SLIRP
0,0.9880128125582878,0.292,0.097,0,5,CD58
0,1.2578756368796125,0.288,0.093,0,5,PEA15
0,1.074215793050072,0.295,0.1,0,5,SLC12A9
0,1.1869542968352396,0.283,0.088,0,5,AGPAT2
0,0.5762483854206901,0.345,0.15,0,5,NFAT5
0,0.6068704976547296,0.343,0.149,0,5,CCDC115
0,0.8436170831006446,0.297,0.103,0,5,RASSF4
0,1.1629699530844886,0.282,0.088,0,5,TMEM154
0,1.3885807011650209,0.273,0.08,0,5,TFRC
0,1.012458023627357,0.289,0.096,0,5,ABR
0,0.6432533094336521,0.344,0.151,0,5,MOB3A
0,1.0651504179831273,0.284,0.091,0,5,STRN4
0,0.8470564856814171,0.301,0.109,0,5,CREG1
0,1.5238218519093294,0.253,0.061,0,5,SH3TC1
0,0.7220201436786844,0.326,0.135,0,5,CHMP2B
0,1.429812470426807,0.25,0.059,0,5,HEG1
0,1.1375081754685632,0.272,0.081,0,5,ADAP1
0,1.476132616803261,0.254,0.063,0,5,MYO15B
0,0.8038709279750686,0.979,0.788,0,5,ARPC2
0,0.5934975884347609,0.343,0.153,0,5,SHOC2
0,1.408121698210877,0.259,0.069,0,5,PDP1
0,1.0832579300024676,0.273,0.083,0,5,KCTD12
0,1.0836076229719906,0.287,0.097,0,5,VPS53
0,1.2128097674337912,0.271,0.082,0,5,DDAH2
0,0.8706542430417549,0.3,0.111,0,5,TOLLIP
0,0.7542522312329896,0.316,0.127,0,5,ZNF592
0,0.6296873052356183,0.33,0.142,0,5,ELOVL1
0,0.7954758230611497,0.277,0.09,0,5,HVCN1
0,1.1788092368376724,0.271,0.084,0,5,PAPSS1
0,0.795269359567413,0.311,0.124,0,5,ZSWIM6
0,0.7753619914557068,0.305,0.118,0,5,PARP12
0,1.0568028897551525,0.273,0.087,0,5,TOR2A
0,0.6971165133278748,0.273,0.087,0,5,PLBD1
0,0.7392937342874899,0.306,0.12,0,5,CCPG1
0,1.0788380603157837,0.277,0.092,0,5,MSRA
0,0.6636725310932013,0.323,0.138,0,5,AGFG1
0,0.6009833096399367,0.323,0.138,0,5,SELENOS
0,1.0588844419107546,0.276,0.092,0,5,ABHD5
0,0.9122996727361058,0.293,0.109,0,5,SLC66A2
0,0.9956150538545941,0.282,0.098,0,5,ADAM17
0,0.5780074387722145,0.998,0.815,0,5,CD74
0,1.0249942991159626,0.273,0.09,0,5,MAST3
0,1.1007521166279766,0.268,0.086,0,5,TFE3
0,0.5855317777953464,0.321,0.139,0,5,ADCY7
0,1.4256273781132855,0.998,0.817,0,5,OAZ1
0,0.7431567952383068,0.308,0.127,0,5,LARP1
0,0.6920327307687357,0.303,0.122,0,5,NCOA2
0,1.1233542468532378,0.987,0.806,0,5,YBX1
0,1.2820105299187148,0.998,0.819,0,5,S100A6
0,0.9719204834107722,0.272,0.093,0,5,TMEM189
0,1.0261200340823686,0.271,0.092,0,5,NDUFV3
0,1.1958307207419803,0.257,0.078,0,5,DIAPH2
0,0.9931731292863659,0.276,0.098,0,5,NMI
0,0.8341469826350011,0.285,0.107,0,5,SLCO3A1
0,0.6020449237142717,0.314,0.136,0,5,MEF2A
0,0.7811231756035739,0.286,0.108,0,5,RHBDF2
0,0.7875149868789015,0.298,0.121,0,5,PLSCR1
0,0.6053681569120343,0.313,0.136,0,5,GNAQ
0,0.7844291078348808,0.291,0.114,0,5,PDPK1
0,0.8889036413405124,0.275,0.099,0,5,CEP170
0,0.874988926643342,0.274,0.098,0,5,NBN
0,0.8998282053551429,0.277,0.101,0,5,TIMM8B
0,1.1895335765798754,0.254,0.078,0,5,PMVK
0,0.7222459548864617,0.294,0.118,0,5,SPG11
0,0.812409452560749,0.973,0.797,0,5,SLC25A6
0,0.4462519317653607,0.276,0.101,0,5,IRF8
0,0.6582860794104985,0.307,0.132,0,5,PHC2
0,0.6014136255798402,0.298,0.123,0,5,LY86
0,0.7546488842994107,0.295,0.121,0,5,OXSR1
0,0.9679246072586583,0.263,0.09,0,5,HEBP1
0,0.7082722069581782,0.289,0.116,0,5,WWP2
0,1.0082856210165958,0.257,0.086,0,5,NRROS
0,0.8243743108074233,0.282,0.111,0,5,WDFY2
0,0.757112879518649,0.276,0.106,0,5,WDFY1
0,0.9208682346365289,0.256,0.086,0,5,TMEM120A
0,0.7548668896064783,0.27,0.102,0,5,PHACTR1
0,0.9251844821281412,0.259,0.092,0,5,COA3
0,0.8431427439673744,0.262,0.097,0,5,PFDN6
0,0.9013537440410324,0.256,0.091,0,5,TM9SF4
0,0.8101732674845331,0.265,0.101,0,5,DNAJB12
0,0.8338586584719514,0.261,0.097,0,5,DGLUCY
0,0.7323524873325329,0.268,0.106,0,5,STX12
0,0.8098685505108101,0.991,0.83,0,5,CYBA
0,0.779555951844639,0.261,0.101,0,5,NBPF19
0,0.6995743052567039,0.266,0.107,0,5,ARSA
0,0.7957723525041489,0.259,0.1,0,5,DGAT1
0,0.8545947233307374,0.258,0.099,0,5,TSEN34
0,0.7299134083813831,0.26,0.104,0,5,GSR
0,0.5389721936886103,0.985,0.829,0,5,ATP5F1E
0,0.8013082360001103,0.253,0.097,0,5,MED29
0,0.77134655291015,0.256,0.101,0,5,ATP13A1
0,0.7698201722622382,0.255,0.101,0,5,EIF2AK4
0,0.5615345352774015,0.978,0.827,0,5,CORO1A
0,0.4860678735091559,0.931,0.785,0,5,LSP1
0,0.5052999243135972,0.992,0.858,0,5,VIM
0,1.0142150458308943,0.995,0.866,0,5,MYL6
0,0.7361863138441382,0.993,0.865,0,5,ZFP36
0,0.38616665119498217,0.963,0.838,0,5,CD52
0,0.4317558334980709,0.977,0.86,0,5,LAPTM5
0,0.44599730028777707,0.973,0.87,0,5,ITM2B
0,0.8196490932656433,0.997,0.896,0,5,H3F3A
0,0.48215440304720403,0.992,0.91,0,5,SERF2
0,0.4032180708523163,0.992,0.918,0,5,MT-ND2
0,0.5078965301722,0.999,0.927,0,5,SH3BGRL3
0,0.541189722488657,0.995,0.937,0,5,CFL1
0,0.35400116799426495,0.994,0.937,0,5,PFDN5
0,0.5240835054892319,0.998,0.962,0,5,DUSP1
0,0.3623763412629257,0.998,0.962,0,5,FOS
0,0.3843200033660503,0.994,0.963,0,5,UBC
0,0.5565129459988567,1,0.972,0,5,PFN1
0,2.2913579733401903,1,0.974,0,5,FTL
0,1.7697225936230137,1,0.986,0,5,FTH1
0,0.37854225392784446,1,0.992,0,5,RPS19
0,0.3509701331368591,1,0.993,0,5,TMSB10
0,0.9894464251584818,1,0.997,0,5,ACTB
0,0.5771769631666102,1,0.998,0,5,TMSB4X
0,0.37924857852145344,0.999,0.999,0,5,MT-CO1
4e-323,0.5044771996500735,0.396,0.186,1.510813e-318,5,LASP1
1.047e-321,0.662399333119263,0.281,0.118,4.003655e-317,5,AP1B1
1.81e-321,0.6231814004601609,0.299,0.127,6.9119705e-317,5,NFATC1
1.322e-320,0.425965043724032,0.694,0.402,5.0536702e-316,5,PRKCB
1.8139e-319,0.6234889581018374,0.329,0.147,6.93349957e-315,5,SQOR
8.9918e-319,0.6304855152743924,0.327,0.145,3.437024534e-314,5,RCOR1
1.793893e-318,0.3986536982843395,0.457,0.223,6.856976879e-314,5,NUP214
2.41526e-318,0.6312633811177825,0.315,0.138,9.2320885715e-314,5,MGRN1
3.558342e-317,0.5683127670889218,0.348,0.158,1.360140572734e-312,5,RB1
1.1137621e-316,0.6217193265427052,0.317,0.139,4.25724427581e-312,5,GSK3A
1.55437993e-316,0.5311665740775148,0.41,0.196,5.941461838244e-312,5,TMEM147
4.3638439e-316,0.5911291009647854,0.282,0.119,1.6680356952795e-311,5,LRMP
8.6729231e-316,0.4288331933395728,0.649,0.365,3.3151381291414e-311,5,REL
1.46469046e-315,0.5720230873654956,0.351,0.161,5.598632823714e-311,5,IRF2
4.8580583246e-314,0.5205047048052556,0.394,0.187,1.856944214000055e-309,5,RPS6KA1
1.06180800445e-313,0.5160486405758509,0.424,0.205,4.05865491620177e-309,5,RER1
1.31020413393e-313,0.46769143180702416,0.446,0.219,5.00812428153431e-309,5,FBXL5
1.53017006095e-313,0.6638690444195752,0.265,0.109,5.84892204098161e-309,5,SLC25A11
1.22645198385e-312,0.6267617497020179,0.313,0.139,4.687990063059528e-308,5,ADI1
3.869264185695e-312,0.6565414342686495,0.286,0.122,1.478987542340162e-307,5,ZNF524
8.692360798043e-312,0.7369060470381378,0.253,0.103,3.3225679914438884e-307,5,CRY2
8.7069386956e-312,0.6410793200418008,0.299,0.13,3.3281402470060384e-307,5,HMG20B
9.9662644826827e-311,0.5368383301204054,0.387,0.183,3.8095049358606415e-306,5,TMED5
2.514814635205689e-308,0.4276412230314032,0.616,0.34,9.612627461610225e-304,5,SSBP4
7.404395979156103e-308,0.5258805381337808,0.393,0.188,2.8302563190726288e-303,5,FAM50A
1.4504767484958773e-307,0.48717399540992085,0.647,0.372,5.5443023234506415e-303,5,BCAP31
1.9299186401406225e-307,0.47681123900688477,0.554,0.299,7.376921010073516e-303,5,STK24
6.697139640629153e-307,0.5073099690687534,0.457,0.23,2.559914656234087e-302,5,POLE4
2.703172497603346e-305,0.43078280916566347,0.615,0.34,1.033260655483903e-300,5,OSTF1
1.1681325710407474e-304,0.3348384034016161,0.932,0.722,4.465069939546153e-300,5,FOSB
1.4669835891370684e-304,0.6919811477685616,0.255,0.105,5.60739807111753e-300,5,CSRP1
1.3146068752141739e-303,0.48791805621453266,0.764,0.482,5.024953319818658e-299,5,CSNK2B
6.117140762137404e-303,0.44673802035873056,0.871,0.618,2.338215884919401e-298,5,SLC25A3
2.5957022782701106e-302,0.5819711510228969,0.354,0.165,9.92181238845967e-298,5,RIC1
4.619220343251242e-301,0.5416028452152489,0.361,0.169,1.7656507840043546e-296,5,SERTAD2
3.395638735712001e-300,0.4668860600276139,0.451,0.225,1.2979489503385551e-295,5,C18orf32
1.5471736068603048e-299,0.4812874394465796,0.804,0.539,5.913916394862829e-295,5,CYTIP
2.513007933810104e-299,0.5927765568096944,0.302,0.133,9.605721526195742e-295,5,SPNS1
1.939738280094308e-298,0.47511787516604975,0.437,0.218,7.414455601832483e-294,5,ROMO1
1.9055948940612685e-297,0.5472150291678481,0.34,0.157,7.283945923059793e-293,5,DCP2
6.164968611054611e-297,0.44385867487489505,0.747,0.463,2.3564976018895146e-292,5,PSMB8
8.4984772631122245e-297,0.41277478184323735,0.67,0.387,3.2484579490520165e-292,5,BAX
1.6593078425260768e-296,0.5100309948678002,0.436,0.218,6.342538297271676e-292,5,SDHD
4.22956806960212e-296,0.5469808122153709,0.3,0.134,1.6167100989247144e-291,5,VIM-AS1
2.460502138678602e-295,0.6842894417907031,0.257,0.108,9.405023374885088e-291,5,RPS6KA4
3.5800857126839647e-295,0.5949309380185026,0.323,0.147,1.3684519628163187e-290,5,ACO2
3.6684348535723712e-295,0.5833862514832702,0.337,0.156,1.4022225384295033e-290,5,VMA21
1.8213561858245212e-294,0.5194166927021961,0.43,0.214,6.96195188469565e-290,5,NDUFA7
2.227651054016525e-294,0.3817684296818906,0.36,0.169,8.514973388872765e-290,5,PPP1R14B
2.7476905266117722e-294,0.5302906684238724,0.354,0.165,1.0502772268920839e-289,5,PSMC4
9.032542907635063e-294,0.5091543131405047,0.351,0.164,3.4525992010144267e-289,5,ZFAND6
2.3299103591337615e-293,0.6160907102567637,0.295,0.131,8.90584935675289e-289,5,NIPSNAP2
3.047407078109951e-293,0.4899835241435853,0.451,0.228,1.1648408815367476e-288,5,MGST3
3.070797498280613e-293,0.550525324586483,0.351,0.164,1.1737816357427815e-288,5,MAP2K1
1.1332968678177648e-292,0.4758622469201236,0.482,0.248,4.331913947546624e-288,5,C1orf43
4.659812154143207e-291,0.3633564416987443,0.469,0.238,1.7811665977996994e-286,5,RAB11A
6.848634099149138e-291,0.5086587249202488,0.364,0.173,2.6178218980587664e-286,5,NCOA3
5.100734214570904e-289,0.4544783877799171,0.506,0.264,1.9497046461775826e-284,5,ADRM1
7.636654994655334e-289,0.33162875098701805,0.684,0.397,2.919035005157055e-284,5,HERPUD1
3.2383958300938202e-288,0.46911709110150535,0.358,0.168,1.2378444220950618e-283,5,TOM1
8.593056818344713e-288,0.6760382673962315,0.25,0.105,3.2846100382440834e-283,5,ZSWIM7
3.6904113899859275e-286,0.46929343976736515,0.476,0.245,1.4106228497082208e-281,5,LRPAP1
3.7271184855482814e-286,0.4540341799112626,0.858,0.62,1.424653769915975e-281,5,NDUFA4
5.237906449317985e-286,0.4704845049196592,0.296,0.131,2.0021373611873066e-281,5,NFIL3
6.4448597175572405e-286,0.4213808887299334,0.6,0.329,2.4634831784390796e-281,5,PSMA6
1.5048168349361313e-285,0.45024760231341526,0.384,0.185,5.752011869859868e-281,5,SRA1
1.7347789455506182e-285,0.5415868785214553,0.346,0.163,6.631019041472684e-281,5,ITGB2-AS1
2.1280893506661465e-283,0.48775435707020437,0.366,0.176,8.134408733986279e-279,5,HOOK3
3.858569726502992e-283,0.4554970038694173,0.627,0.356,1.4748996922585037e-278,5,VDAC2
4.430168850446033e-283,0.4577264540356855,0.436,0.221,1.6933877413944914e-278,5,ADAM10
7.494817408728065e-283,0.4353872233643211,0.617,0.343,2.864819006312216e-278,5,PSMB6
1.1614612370490242e-282,0.46256362902632414,0.582,0.322,4.43956943249619e-278,5,PSMD8
5.208335940406073e-282,0.5656965766097443,0.271,0.117,1.9908343298608173e-277,5,TMEM141
6.300252847532277e-282,0.49541489512462555,0.315,0.144,2.4082086484407376e-277,5,ARHGAP17
7.549853583897822e-282,0.4381510300555348,0.405,0.199,2.8858560339091035e-277,5,CYB5R3
1.5389566140176232e-281,0.46835803727523206,0.941,0.786,5.882507761420963e-277,5,NFKBIA
2.8578599821026115e-281,0.5130965099422993,0.35,0.166,1.0923883995589021e-276,5,TUBGCP2
1.18146378210384e-280,0.4528898356688207,0.627,0.36,4.516027160713718e-276,5,TNFRSF14
4.790267446077616e-280,0.44707979091621086,0.367,0.176,1.831031828588708e-275,5,COX17
8.740150528580114e-280,0.39001732903636,0.432,0.216,3.3408351380444624e-275,5,RAP2B
1.1470392529170896e-278,0.41695793023493627,0.58,0.318,4.3844428403502833e-274,5,OTUB1
3.0916259115339473e-278,0.6400229441558122,0.258,0.111,1.181743088424736e-273,5,DENND4B
3.471081448021369e-278,0.4054882138404744,0.663,0.384,1.326786172691688e-273,5,PRDX5
7.262782126330307e-278,0.4144519017252023,0.508,0.266,2.7761258399684964e-273,5,CCDC12
3.595032440201632e-277,0.4349513472427343,0.551,0.302,1.3741651999426717e-272,5,ITSN2
9.804469139149812e-277,0.4523401652918423,0.401,0.198,3.747660283748624e-272,5,COMT
8.762233110521616e-276,0.35499233738198077,0.262,0.112,3.3492759841657823e-271,5,ALDH2
9.194652500180686e-276,0.5193661154174419,0.314,0.144,3.5145639716690657e-271,5,DRAM2
4.774478889318386e-275,0.5310540146271968,0.34,0.161,1.82499681065306e-270,5,MARK2
1.8260840058089043e-274,0.2823565207532832,0.995,0.952,6.9800235038039556e-270,5,MT-ND1
3.7428742996584226e-274,0.5093076551414539,0.293,0.131,1.4306762723014355e-269,5,PANK2
3.360100897651716e-273,0.3565578640835474,0.923,0.728,1.284364967118392e-268,5,MYL12B
4.271113375476311e-273,0.45803988558296554,0.39,0.192,1.6325903766420652e-268,5,SZRD1
1.0339375616633692e-272,0.2552195059628435,0.998,0.976,3.952122935702062e-268,5,NACA
1.2354745844577203e-272,0.4314658132101424,0.588,0.331,4.72247805163119e-268,5,ATP5MD
7.597772192294326e-270,0.48986708271945917,0.49,0.264,2.904172442782583e-265,5,SNHG15
2.854997804811732e-269,0.4378566788702149,0.645,0.372,1.0912943609112365e-264,5,ATP5F1C
8.246470041561506e-269,0.5305580381904091,0.317,0.148,3.15213070868647e-264,5,NXF1
8.514568610618219e-269,0.49719986835965624,0.474,0.252,3.2546087057227077e-264,5,GLUD1
9.779752717306348e-269,0.4221241420012402,0.447,0.23,3.7382126786631786e-264,5,KRAS
1.0420150392272547e-268,0.325514253361761,0.992,0.932,3.982998285942259e-264,5,MT-ND4
3.887596778148945e-268,0.5014863102488643,0.301,0.137,1.4859949924796529e-263,5,NUDT22
1.2043825656290072e-267,0.3676622767811547,0.515,0.278,4.603631918860317e-263,5,FOSL2
2.434609575352799e-267,0.3927792540870181,0.747,0.463,9.306051640828539e-263,5,ATP6V0E1
2.614842088749748e-267,0.5927427466620258,0.267,0.118,9.994972400037037e-263,5,RBPJ
1.0971692696119506e-266,0.5347806403082817,0.287,0.129,4.19381981616472e-262,5,LYSMD2
1.1948594270966585e-266,0.6292088865968941,0.253,0.11,4.567230674134267e-262,5,ZDHHC18
4.374474481626188e-266,0.41674010581345633,0.501,0.274,1.672099125856794e-261,5,DYNLL1
5.7074929562351e-266,0.5197896655318057,0.27,0.119,2.1816321075913046e-261,5,MRPL16
6.171164469064653e-266,0.4484146082053426,0.394,0.196,2.358865906655273e-261,5,NFE2L2
1.46814041884683e-265,0.4062107752646144,0.545,0.301,5.611819937000123e-261,5,DDX21
2.7549536854636103e-265,0.5115592830641384,0.287,0.13,1.0530534967316104e-260,5,TAOK1
4.0733204433023965e-265,0.5764226852205713,0.264,0.116,1.556986006247908e-260,5,CHMP5
5.989937165254166e-264,0.5694220439905803,0.267,0.118,2.2895935820467522e-259,5,MRPL18
1.82970191833719e-263,0.4319552245950134,0.368,0.18,6.993852612652075e-259,5,GPCPD1
9.912846741445725e-262,0.46622767136320353,0.411,0.209,3.7890865384502136e-257,5,YWHAE
5.9287846777036855e-260,0.5884207220553278,0.278,0.126,2.2662186552054566e-255,5,LARP4B
5.688905710658888e-259,0.2945859900655504,0.448,0.23,2.1745273188422532e-254,5,CDK2AP2
1.078541910097512e-258,0.4187808814683199,0.63,0.366,4.1226185971567295e-254,5,ATP5PD
2.2909641608221525e-258,0.5027643959189695,0.311,0.145,8.756981408326596e-254,5,HADHB
4.798639682604919e-258,0.31847363563097375,0.268,0.117,1.8342320322789042e-253,5,SERTAD3
3.868152284074699e-257,0.42378269186941786,0.393,0.197,1.478562529064713e-252,5,NECAP2
1.147337609663527e-256,0.4000218026209237,0.603,0.343,4.385583279177865e-252,5,ANP32A
1.3263924145512459e-256,0.48416202361270866,0.348,0.169,5.070002365380682e-252,5,HSD17B10
2.6041226312319528e-256,0.421050336663051,0.613,0.354,9.953998345621017e-252,5,HADHA
2.7312404384584367e-254,0.44439306213597385,0.445,0.233,1.0439893451963529e-249,5,PTEN
2.881602465272921e-254,0.5363324702817511,0.255,0.113,1.1014637263259213e-249,5,COMMD8
5.736608992531488e-254,0.36702207499815087,0.646,0.372,2.192761421305236e-249,5,ATP6V1F
3.186811791555735e-253,0.48440374760751176,0.336,0.163,1.218126939204264e-248,5,CHCHD5
6.189319667709307e-253,0.5399156848901335,0.263,0.117,2.3658055497852055e-248,5,OXR1
9.388494902010747e-253,0.42382808988348275,0.41,0.209,3.588658291344588e-248,5,PDCD5
2.503198124894817e-252,0.518913075501285,0.278,0.127,9.568224512597948e-248,5,DAP
4.136948957212203e-252,0.4560280920279213,0.356,0.174,1.5813073694047924e-247,5,ARL8A
4.575948882928806e-252,0.426689950036699,0.415,0.213,1.7491107010107068e-247,5,BAG6
6.7980722310509355e-252,0.5083936506591414,0.319,0.152,2.5984951295969097e-247,5,IFNAR1
3.025550995697427e-251,0.42172521741882335,0.503,0.276,1.1564866125953845e-246,5,KMT2C
2.2266789791362426e-249,0.47785735696650633,0.315,0.149,8.511257729850373e-245,5,PBX2
2.917498372277959e-249,0.38794314563763227,0.525,0.286,1.115184577819527e-244,5,LAMTOR5
4.856645237087242e-249,0.44559367393645033,0.339,0.163,1.8564040754242276e-244,5,GET3
1.994266316257241e-248,0.28338974801086325,0.673,0.397,7.622883567261679e-244,5,SERPINB1
2.121602474520575e-248,0.402831206786459,0.676,0.405,8.109613298607446e-244,5,ATP5PB
1.0754003951979506e-247,0.5496976461763494,0.484,0.276,4.1106104706046464e-243,5,PIM3
2.449283615843382e-247,0.47022324778538394,0.307,0.145,9.362141693199743e-243,5,SUCLG1
1.0183286743131672e-246,0.4821347855216308,0.323,0.157,3.89245952469465e-242,5,XAF1
7.127626735776548e-246,0.4189272844716964,0.53,0.294,2.7244640434832277e-241,5,WAC
4.561232414363511e-245,0.44472308168482533,0.306,0.145,1.7434854780663086e-240,5,YIPF3
6.130900840835864e-245,0.42560697323054686,0.397,0.204,2.3434755374011007e-240,5,EP300
7.599045757418057e-245,0.4409404698212708,0.539,0.304,2.904659250315478e-240,5,RPS27L
3.866338646011947e-244,0.44403401038420887,0.342,0.167,1.4778692840516066e-239,5,TIMM17B
4.977782385977922e-244,0.5038662580880351,0.3,0.141,1.902707539216201e-239,5,ZNF580
7.456026883659027e-244,0.3969048420965271,0.402,0.206,2.8499917160098263e-239,5,CDC40
2.431635765977974e-243,0.38780792680865095,0.427,0.221,9.294684551874208e-239,5,CCM2
2.6075894822637703e-243,0.39704431149477676,0.371,0.185,9.967250037005036e-239,5,MEA1
5.718993554857064e-243,0.4216749996751805,0.286,0.133,2.186028096408564e-238,5,MEGF9
6.155924274437244e-243,0.4718359052824983,0.263,0.118,2.3530404946608924e-238,5,HTATIP2
2.573614764343069e-242,0.5083841433677865,0.287,0.134,9.837385075224947e-238,5,TPD52L2
6.496473747178515e-242,0.39069600928594694,0.699,0.426,2.4832121251215156e-237,5,COPE
1.8817237863659936e-241,0.48003488087037804,0.276,0.127,7.192701001005374e-237,5,ST8SIA4
5.6949254770015725e-241,0.4111205033028758,0.494,0.269,2.176828314329081e-236,5,NDUFAB1
1.6749874338194014e-239,0.3852956261059334,0.509,0.278,6.40247196703128e-235,5,POLR2E
6.530930451578498e-239,0.3734457282834266,0.444,0.235,2.4963828558113653e-234,5,CASP4
1.354149593770111e-238,0.35280938158037045,0.655,0.393,5.176101407226873e-234,5,RASGRP2
3.535310730202725e-238,0.34076001890266877,0.506,0.278,1.3513371735126897e-233,5,INPP5D
1.9733878314046427e-237,0.4314207687100865,0.383,0.196,7.543077646761106e-233,5,CLTC
2.7391826003901617e-237,0.35242926943288,0.386,0.196,1.0470251571731355e-232,5,RALBP1
5.0984150710261175e-236,0.2536982271666697,0.64,0.378,1.9488181767490233e-231,5,GNG2
1.8042063488536327e-234,0.3773606685882705,0.395,0.203,6.8963983478581255e-230,5,GNPTG
2.71996803947049e-234,0.42484629714907735,0.379,0.193,1.0396805834072001e-229,5,TXN2
4.2695912264767366e-234,0.4309556704274584,0.408,0.214,1.6320085504084678e-229,5,TRIM44
2.9166055951602126e-233,0.40551942669899516,0.388,0.199,1.1148433226940396e-228,5,PSMD9
4.992124366050369e-233,0.4512136760215182,0.308,0.149,1.908189617679093e-228,5,CLIP1
9.766454500764775e-233,0.33316793941768097,0.916,0.723,3.733129568372328e-228,5,PSME1
8.150021978689379e-232,0.4097132514557994,0.687,0.433,3.1152644011342283e-227,5,TOMM6
6.398002589298369e-231,0.39569138500671275,0.71,0.455,2.4455725097334088e-226,5,CD55
1.4894293070017959e-229,0.41368048526983603,0.389,0.201,5.693194583083665e-225,5,PDLIM2
2.5733436756041263e-229,0.36230152288314965,0.916,0.712,9.836348865629212e-225,5,UQCRB
2.7795311619450978e-229,0.3997240338103813,0.383,0.197,1.0624479913418942e-224,5,UBA1
3.698921837936716e-229,0.40332202945464957,0.335,0.166,1.4138758833329304e-224,5,TANK
4.090339715983641e-229,0.4822526109311087,0.27,0.126,1.5634914530375867e-224,5,EGLN1
7.6492527921483e-229,0.45696541954921754,0.278,0.131,2.923850387270766e-224,5,JOSD2
2.2757287739022152e-228,0.4063999982424169,0.832,0.598,8.698745665363827e-224,5,STK17B
3.1795085034048987e-228,0.4920329670868331,0.282,0.135,1.2153353303414885e-223,5,TLE3
5.403538036839927e-228,0.37919850087246865,0.488,0.269,2.065448379201694e-223,5,OS9
9.9568722687516e-227,0.49247514919009605,0.263,0.122,3.805914856007612e-222,5,COP1
1.8722458620703712e-226,0.3921338403776563,0.377,0.194,7.156472583177787e-222,5,GLTP
1.9395129470981825e-226,0.39493463111931626,0.541,0.309,7.413594288988094e-222,5,ATP6AP2
2.85367428074649e-226,0.3619475112066374,0.281,0.132,1.0907884570725383e-221,5,APOBEC3C
3.094103336350409e-225,0.4180827532915823,0.31,0.151,1.1826900592865804e-220,5,PSENEN
6.502841105647896e-225,0.5363400405735326,0.277,0.132,2.4856459842228517e-220,5,ZNF581
1.7563738147934966e-224,0.3455118612796053,0.647,0.391,6.713563269666661e-220,5,ARHGAP30
2.4882065355982195e-224,0.417032122600806,0.316,0.155,9.510920661670635e-220,5,BTF3L4
3.246531960374205e-224,0.7622638031971436,0.271,0.133,1.240954376533436e-219,5,MX1
4.2121372072384948e-224,0.33756496639898803,0.704,0.433,1.6100473260948423e-219,5,NDUFB2
3.2286628437398565e-223,0.3603715612276251,0.352,0.178,1.2341240853911228e-218,5,NDUFAF3
5.655974601787527e-223,0.4991076354000077,0.255,0.118,2.1619397317872643e-218,5,SVBP
2.91549556418092e-221,0.37734699909723224,0.54,0.307,1.1144190244525147e-216,5,SIVA1
5.83396721049928e-221,0.355921461790065,0.793,0.548,2.2299756265412448e-216,5,ARL6IP5
1.449581473247023e-220,0.6023765126491099,0.262,0.125,5.540880223339421e-216,5,DNPH1
2.5406446261465388e-220,0.3480655195368895,0.624,0.368,9.71136001898253e-216,5,TMEM219
4.059813569637374e-219,0.3231356740567726,0.562,0.32,1.5518231388581898e-214,5,UQCRQ
5.702815012879264e-219,0.47768974436965295,0.266,0.125,2.17984401052297e-214,5,NFYC
6.070933377759897e-219,0.423721611947782,0.452,0.249,2.320553574314943e-214,5,S1PR4
5.863116894911534e-218,0.34928128016458915,0.651,0.396,2.2411178019109848e-213,5,TGOLN2
6.185340433731124e-218,0.42861899199454545,0.277,0.132,2.3642845273893848e-213,5,CAMK1D
1.039074373195361e-217,0.4866876255346986,0.269,0.129,3.971757884101948e-213,5,PARP14
2.548414287939601e-217,0.4839532486286724,0.26,0.122,9.74105877422033e-213,5,TMEM167B
1.7721459604382777e-216,0.33089642541718334,0.668,0.403,6.773850719179273e-212,5,NDUFA1
1.877435083182516e-216,0.353647131867537,0.504,0.281,7.176307861956849e-212,5,SNRPC
4.2025062406982075e-216,0.31129459576183627,0.445,0.239,1.6063659854444828e-211,5,MYDGF
1.1358824700755288e-215,0.41772958951428807,0.256,0.119,4.341797153616701e-211,5,GIMAP2
3.664614792081718e-215,0.3736305561405649,0.389,0.203,1.4007623581253159e-210,5,ATP6AP1
4.92484255476035e-215,0.34925141973476864,0.454,0.247,1.882471818131596e-210,5,RNF114
7.149522888965743e-215,0.3923365861512325,0.353,0.181,2.7328336290782656e-210,5,NDUFS2
2.3651984436232163e-214,0.32122801504815524,0.356,0.181,9.040734530905381e-210,5,TMEM9B
2.5387598031584986e-214,0.3748343247899456,0.325,0.163,9.704155471593044e-210,5,DOCK11
3.1125082422967242e-214,0.3376219208856256,0.585,0.338,1.1897251505354998e-209,5,AURKAIP1
5.752727217716662e-214,0.3529852168071157,0.441,0.239,2.1989224517000168e-209,5,UQCRC2
7.970937942410946e-214,0.336953989253424,0.549,0.314,3.0468113191071604e-209,5,NDUFA2
2.914693638528103e-212,0.46781063126304123,0.255,0.119,1.114112496390982e-207,5,CDC34
3.754207011498446e-212,0.3969393938149699,0.3,0.148,1.435008088075166e-207,5,MRPS36
1.2813955073723085e-211,0.5246949578277775,0.253,0.119,4.898006187379912e-207,5,PLEKHM2
1.9446691096358213e-211,0.31915191842459334,0.556,0.318,7.433303204671964e-207,5,NDUFA12
3.109411079425438e-210,0.46584541226379916,0.277,0.134,1.1885412909995793e-205,5,ECHS1
4.001411503964793e-210,0.2861122773062339,0.358,0.184,1.5294995332755026e-205,5,ARAP2
5.070597055895601e-210,0.4122807335815539,0.308,0.153,1.9381850186455345e-205,5,MRPL21
9.445535509875954e-210,0.3744267931849079,0.332,0.168,3.610461493294985e-205,5,NELFE
1.2067448915624953e-209,0.31712844755500025,0.434,0.235,4.612661673508482e-205,5,IDH2
3.8419418416692465e-209,0.3236486994176546,0.362,0.186,1.4685438495596528e-204,5,C7orf50
4.363355219776989e-208,0.3463332072777411,0.451,0.248,1.6678488992075562e-203,5,CD46
2.462883157044957e-207,0.41324509651695274,0.257,0.122,9.414124579488644e-203,5,TMEM208
2.8965034672781638e-207,0.3474919601415401,0.405,0.216,1.1071594853324052e-202,5,HDGF
1.2076190649146226e-206,0.3099187502865851,0.477,0.264,4.616003113729654e-202,5,SLC44A2
3.562684889178027e-206,0.42464346941370945,0.267,0.128,1.3618006720394091e-201,5,UNC13D
9.576064888500901e-206,0.3557412178078524,0.675,0.421,3.660355042980584e-201,5,SELENOH
2.1381884446300717e-205,0.38258224625787784,0.317,0.16,8.173011510753986e-201,5,TMEM165
5.656273093975221e-205,0.33319951379113527,0.377,0.198,2.1620538274410886e-200,5,CYBC1
1.7270782621266116e-204,0.3386652233503399,0.438,0.24,6.60158394915276e-200,5,SEM1
2.9738571104106697e-204,0.31713705406672765,0.428,0.231,1.1367271418833745e-199,5,ZNHIT1
4.1634409869888273e-203,0.33907813200462544,0.497,0.28,1.5914336828666093e-198,5,CCT6A
4.1806571996032617e-203,0.2614368314501818,0.299,0.146,1.5980144079763507e-198,5,TSPAN32
6.095547398961703e-203,0.28263298360550326,0.424,0.23,2.3299620377791213e-198,5,TES
2.1681677009580774e-202,0.33751065124589985,0.966,0.829,8.287604220142156e-198,5,MT-ND3
6.202590822525997e-201,0.3848044545936581,0.319,0.162,2.370878316002337e-196,5,MRPL51
6.248461709825608e-201,0.3746585795193863,0.303,0.152,2.3884120039637405e-196,5,CERK
1.0451339644349058e-200,0.3846348769585914,0.344,0.179,3.9949200656559836e-196,5,ADPGK
2.3886693431729216e-200,0.4077346162796157,0.284,0.14,9.130449697344176e-196,5,ZNF511
3.516944496997117e-200,0.35879921490070954,0.774,0.519,1.3443168645321778e-195,5,ATP5MC3
8.117687965236276e-200,0.2967712000109859,0.43,0.241,3.102905047831914e-195,5,STAT1
8.410906684797933e-200,0.35067771158602956,0.326,0.166,3.2149849711971617e-195,5,PPP1R11
1.1125090745629347e-199,0.356662504497731,0.399,0.218,4.2524546866093615e-195,5,KDM6B
2.0596914934466366e-198,0.34554168960215564,0.364,0.192,7.872964764550423e-194,5,AP3S1
6.322758451249314e-198,0.2739172100287529,0.314,0.158,2.4168111904055374e-193,5,CISD3
8.807799112858588e-198,0.41185725524167327,0.286,0.143,3.366693132899067e-193,5,LSM12
1.0555157921525121e-197,0.32701532774536174,0.366,0.194,4.0346035639237623e-193,5,FAM204A
1.1639590302722333e-197,0.3092422450990788,0.563,0.328,4.449116997312585e-193,5,RAB2A
1.2733887838221004e-197,0.34315859941792326,0.293,0.146,4.867401287281596e-193,5,CHD9
1.480547406162616e-197,0.39671617529575987,0.268,0.13,5.659244405315984e-193,5,SNX1
7.93983662535652e-197,0.32813678908626365,0.646,0.394,3.034923151676276e-192,5,MDH2
9.83131442150464e-197,0.3362230942848785,0.524,0.305,3.757921624475934e-192,5,GRK6
2.434908627431014e-196,0.410687725373714,0.284,0.141,9.307194737492309e-192,5,UBL7
6.195344349201955e-196,0.3565024316034636,0.379,0.204,2.3681084240389552e-191,5,GIT2
6.450761723134618e-196,0.3244357484878635,0.665,0.412,2.4657391610509766e-191,5,VPS28
7.782685978000988e-196,0.34396599451190146,0.378,0.202,2.9748538882310974e-191,5,DNAJC7
1.1414946326378478e-195,0.3469680020598568,0.553,0.33,4.3632490837949097e-191,5,ATP1A1
2.5695547182423765e-193,0.28762205385467854,0.393,0.212,9.82186595500966e-189,5,IRF9
7.991397448205059e-192,0.31965209450867366,0.365,0.193,3.054631760601902e-187,5,CTDSP2
4.2325698861344606e-191,0.40940215330461527,0.25,0.121,1.6178575132760363e-186,5,TMEM205
1.6816853009101884e-190,0.32244590578786586,0.368,0.194,6.428073894199104e-186,5,SEC13
3.89277033637316e-190,0.433017293071282,0.266,0.132,1.4879725333752768e-185,5,DHRS4
4.0444037116312153e-190,0.36801855267603895,0.376,0.203,1.5459328747339156e-185,5,QARS
1.1081665932393716e-189,0.3222238637852839,0.495,0.284,4.235855985998174e-185,5,PSMF1
2.6419870010285053e-189,0.31320420783123926,0.324,0.168,1.0098731112731359e-184,5,DCAF7
3.667670964431875e-189,0.281513425380283,0.515,0.295,1.40193054944444e-184,5,CIAO2B
4.314073243432241e-189,0.32413033415076553,0.375,0.202,1.6490113565695398e-184,5,ETFB
6.265635690435587e-189,0.2692703471765632,0.468,0.264,2.394976586312099e-184,5,GNA13
8.452956994920164e-189,0.37730587138140637,0.269,0.133,3.231058281738283e-184,5,PARP4
2.4407208679575428e-188,0.2904844455039428,0.614,0.37,9.329411445680912e-184,5,TMEM258
3.923810955362231e-188,0.27585832318165204,0.362,0.191,1.4998374995776591e-183,5,MCRIP1
4.5563644819377403e-188,0.2928574399842151,0.478,0.27,1.741624759575882e-183,5,RBCK1
4.914996328469134e-188,0.3224676005432689,0.391,0.212,1.8787081965940416e-183,5,RNF187
4.9182914388619946e-188,0.33489175909687147,0.379,0.204,1.8799677195906088e-183,5,RTF2
4.563782144317898e-187,0.37760001142796895,0.254,0.124,1.7444600868440734e-182,5,PATL1
3.462902877478112e-186,0.29722067322376544,0.413,0.228,1.3236599958872334e-181,5,PSMA5
4.662238987426023e-186,0.4017749113012907,0.28,0.142,1.782094230553723e-181,5,ZNF217
5.491496479945704e-186,0.356692123451421,0.303,0.156,2.099069614494446e-181,5,SMC1A
6.884065273817379e-186,0.3923194630973825,0.253,0.123,2.631365110263955e-181,5,REPS1
5.2783880582974684e-185,0.30264187629738576,0.475,0.269,2.0176110514036243e-180,5,MTCH1
7.171601113867561e-185,0.2973467578138917,0.448,0.251,2.7412728097647365e-180,5,MICOS13
7.341275192092203e-185,0.299089060784462,0.449,0.252,2.806129029425324e-180,5,LSM4
1.6874082049609068e-184,0.35856356442143633,0.317,0.165,6.4499491226425705e-180,5,CS
6.408867095878265e-184,0.28816077516299193,0.555,0.331,2.449725358728508e-179,5,MKNK2
3.2653693112083006e-183,0.30070450282836336,0.338,0.178,1.2481547655162608e-178,5,CHMP3
3.830687052882204e-182,0.367592469685472,0.257,0.126,1.4642418190936936e-177,5,RRP7A
4.890993066381843e-182,0.34336136681421325,0.265,0.131,1.8695331896937955e-177,5,SOS2
9.36524590614546e-182,0.27363068265302387,0.488,0.28,3.579771595165041e-177,5,WASHC1
4.0745366984238565e-181,0.2529730216122074,0.434,0.241,1.557450907605535e-176,5,NUTF2
5.54371457574733e-181,0.28095628693068075,0.381,0.206,2.1190294594336593e-176,5,KXD1
2.139258555130665e-180,0.29254069396096205,0.407,0.226,8.177101901131454e-176,5,FUNDC2
2.6530508550126187e-180,0.40150551875055807,0.266,0.133,1.0141021588200233e-175,5,CARS2
3.464318669364631e-180,0.30737966830479013,0.29,0.148,1.3242011681779364e-175,5,SPPL2A
4.86465073290769e-180,0.3277982423293875,0.269,0.134,1.8594640961466355e-175,5,ATXN10
2.2190325933311698e-179,0.3378506165056103,0.322,0.17,8.482030184749064e-175,5,TRIP12
7.696441584680644e-179,0.4243972063348328,0.256,0.127,2.9418878313283295e-174,5,ZDHHC20
1.5811943913336916e-178,0.33993389347760594,0.29,0.148,6.043957441433903e-174,5,MRPL14
4.337109064770423e-178,0.27372913648955727,0.414,0.231,1.6578165689178466e-173,5,DNAJC15
6.454075550573758e-178,0.36591064709691046,0.251,0.124,2.467005838451313e-173,5,NDUFS4
7.022990632923601e-178,0.3623030951270678,0.262,0.131,2.6844679395287173e-173,5,MRPS5
9.349078071908164e-178,0.2991350873568569,0.282,0.143,3.5735916022061764e-173,5,RMND5A
9.61136806302902e-178,0.3951062479119497,0.266,0.134,3.673849328412213e-173,5,LRRC59
2.1149983540521685e-177,0.28326820037667966,0.379,0.206,8.084369708529008e-173,5,CNPPD1
2.4101102965293162e-176,0.3972198722608964,0.714,0.494,9.212405597453659e-172,5,SOD1
4.4017006857980164e-176,0.26169660136698586,0.511,0.296,1.6825060701394338e-171,5,DCTN3
5.187342339252363e-176,0.2514413366609981,0.302,0.156,1.9828097357558233e-171,5,ACAA2
7.311041819309434e-176,0.30784799636499804,0.26,0.129,2.7945726250128384e-171,5,ANTKMT
2.1436978704598739e-175,0.3658650083535001,0.27,0.137,8.194070740045822e-171,5,FOXN2
3.2311759680294396e-175,0.29402617902404327,0.716,0.461,1.235084702019573e-170,5,ARF5
3.233793442197608e-175,0.3148819594647255,0.295,0.153,1.2360852053456138e-170,5,SMIM7
4.330514644142046e-175,0.35444101371898595,0.265,0.134,1.6552959175768557e-170,5,AK2
6.814375965862578e-175,0.25603323408441186,0.448,0.254,2.604727069191312e-170,5,EIF4EBP2
2.9719198752313706e-174,0.29980846672245454,0.893,0.696,1.1359866531084391e-169,5,CD48
1.8947085200822093e-173,0.27858847029572725,0.369,0.202,7.242333847162237e-169,5,SMAD2
1.954213399204139e-173,0.2724891153175677,0.291,0.149,7.469785297117901e-169,5,CYB561D2
3.623381855469633e-173,0.2535641897276406,0.972,0.847,1.3850014804347125e-168,5,ATP5MC2
4.88523122679152e-173,0.2543872204854699,0.533,0.314,1.8673307841287908e-168,5,USP3
9.564791097019014e-173,0.2621163098104476,0.364,0.198,3.656045748924548e-168,5,ADSS
3.6510057146193423e-172,0.31026452650539116,0.326,0.174,1.3955604243560974e-167,5,ARF3
3.156388893708395e-171,0.28754928306060656,0.329,0.175,1.2064980907310969e-166,5,GTF3C6
3.4752900800296657e-171,0.3520350649060888,0.26,0.131,1.3283948801905394e-166,5,MRPL28
2.412305914133317e-170,0.32752992639346135,0.272,0.139,9.220798126183192e-166,5,MRPS12
2.6081866099046616e-170,0.2687994628186494,0.4,0.223,9.969532497699579e-166,5,KCNAB2
2.3465178802176522e-169,0.2984065044641322,0.732,0.48,8.969329945343953e-165,5,PSMB1
7.323904830216951e-169,0.253248181260489,0.438,0.249,2.7994893823021275e-164,5,HPS1
1.6432626283553856e-168,0.29597273953395464,0.25,0.125,6.281207070625626e-164,5,ATP6V1E1
8.49088097651667e-168,0.3263650047156367,0.327,0.176,3.245554344463732e-163,5,FBXW7
1.6557585613594906e-166,0.2890323605883244,0.53,0.318,6.328971524940517e-162,5,ERGIC3
2.4588438365636286e-166,0.26718964283231256,0.35,0.191,9.398684680880814e-162,5,PNKD
2.7705709860058e-166,0.2594858937204798,0.413,0.233,1.0590230536908569e-161,5,ZFR
3.5582739188520724e-166,0.2863670499513995,0.334,0.18,1.360114622742016e-161,5,NDUFS3
6.350004005093823e-166,0.2521585240872175,0.329,0.176,2.427225530907063e-161,5,RBM42
1.0212651900644895e-165,0.26309945496092735,0.375,0.21,3.903684062502504e-161,5,EIF2S2
1.7453300715004076e-165,0.2684268709135992,0.628,0.396,6.671349665303158e-161,5,TAX1BP1
2.4812776220927103e-164,0.25269412232879596,0.365,0.201,9.484435582687177e-160,5,ARL8B
1.2031249565979508e-163,0.2730791340103216,0.321,0.172,4.598824834100008e-159,5,COPZ1
7.740533486370762e-163,0.25251854801079654,0.436,0.251,2.95874151983036e-158,5,FLI1
3.3979800478472604e-162,0.27899364523455494,0.277,0.144,1.2988438934891368e-157,5,ZNF267
3.8754992611165524e-162,0.2826453100773627,0.324,0.174,1.481370837569191e-157,5,RPS6KB2
3.773903492415442e-161,0.27543155758398463,0.439,0.253,1.4425368709408785e-156,5,CSNK1G2
1.6419524455845674e-159,0.2960424669986652,0.284,0.15,6.27619902800245e-155,5,AFTPH
3.417913973851915e-159,0.2521592027156894,0.605,0.376,1.306463437365156e-154,5,TBCA
5.915244291639741e-159,0.27610996100103424,0.291,0.154,2.2610429780363745e-154,5,BFAR
7.849530593794553e-157,0.2828705375330327,0.34,0.188,3.00040457417203e-152,5,AKT1
1.6173712722694008e-156,0.26566896933876605,0.336,0.184,6.1822399511225575e-152,5,SURF1
2.0952947451475645e-155,0.27611298757813174,0.542,0.334,8.00905463385205e-151,5,OSBPL8
5.5527127205381535e-155,0.30710566329429834,0.259,0.134,2.1224689102985038e-150,5,TMEM131
6.943718378435787e-155,0.25746302366551105,0.514,0.311,2.6541669129732956e-150,5,NKTR
7.532346290717294e-155,0.31066797043674554,0.275,0.145,2.879164046163778e-150,5,PML
1.8630664748531447e-154,0.2685362793593816,0.333,0.184,7.12138529347866e-150,5,MRPL52
3.301503066297237e-154,0.2706928809181658,0.267,0.139,1.261966532061456e-149,5,EXOC7
9.324550952135046e-154,0.31507107350848806,0.251,0.129,3.5642163559441e-149,5,ARAF
1.4288785009132312e-153,0.27113370942564974,0.271,0.142,5.461745181890735e-149,5,DUSP22
3.724569440253862e-153,0.2699269316148506,0.284,0.151,1.4236794228426362e-148,5,PPM1M
6.063034920023557e-153,0.2640476294279266,0.265,0.138,2.3175344678298044e-148,5,RNF5
9.048353417157086e-153,0.32308617761833425,0.252,0.131,3.4586426101741246e-148,5,GGA1
1.188677399893398e-152,0.2698622878592536,0.285,0.152,4.543600493352525e-148,5,CHRAC1
1.0172549522947554e-151,0.34712871501416787,0.3,0.164,3.888355329651473e-147,5,SERPINB9
2.201746743859094e-151,0.31020930991709195,0.264,0.14,8.415956753727e-147,5,POLR2J
7.904795722631293e-151,0.32839133061867565,0.254,0.132,3.0215291170185855e-146,5,NOC2L
1.309204008035901e-149,0.28533126810994425,0.253,0.132,5.0043014003164285e-145,5,FGD5-AS1
7.119529231530611e-149,0.2830606284512609,0.293,0.158,2.721368853460261e-144,5,PKN2
1.043767854716394e-148,0.2527127559232384,0.288,0.154,3.9896982478679445e-144,5,GPBP1L1
1.906554960602558e-148,0.2696235827214404,0.296,0.16,7.287615681407218e-144,5,ZZEF1
2.680127125324388e-148,0.2986877584726857,0.264,0.139,1.024451792383994e-143,5,IRAK1
2.324135064093931e-147,0.26565536465276773,0.271,0.144,8.883773868992643e-143,5,TSC22D2
1.1182089565441191e-145,0.2737458092892827,0.382,0.227,4.274241915494241e-141,5,AC007952.4
1.334901861949651e-145,0.2631732991728024,0.84,0.61,5.102528877116346e-141,5,CD44
9.016918354327637e-143,0.2731506784630313,0.259,0.137,3.4466268717581964e-138,5,FNIP1
5.175441885035495e-141,0.2774843782183323,0.251,0.132,1.9782609061359676e-136,5,TXNDC11
4.852180245040774e-140,0.2652879991053667,0.25,0.132,1.8546973768643853e-135,5,IMMT
1.0164732653032802e-139,0.2518090187742126,0.306,0.169,3.885367409295258e-135,5,GRAMD1A
1.797913125325539e-138,0.25761943119198283,0.775,0.54,6.87234313024434e-134,5,UBXN1
4.3607460420315066e-132,0.2540618633836631,0.29,0.161,1.6668515671061231e-127,5,WDR26
2.858283191282672e-129,0.26116168983051824,0.782,0.555,1.0925501670358886e-124,5,EIF4G2
5.396691827971593e-111,0.2705400611068929,0.815,0.626,2.0628314843238618e-106,5,ANXA1
